{
    "Ar36": {
        "error": 0.00098340080552233302, 
        "fit": "parabolic", 
        "value": 0.0020830471084102411
    }, 
    "Ar37": {
        "error": 0.13910618074470008, 
        "fit": "linear", 
        "value": 0.072254256510948189
    }, 
    "Ar38": {
        "error": 0.27306190191545709, 
        "fit": "linear", 
        "value": 0.17520906736448438
    }, 
    "Ar39": {
        "error": 0.062346740377815638, 
        "fit": "parabolic", 
        "value": 6.2034547063022778
    }, 
    "Ar40": {
        "error": 0.15988523065088545, 
        "fit": "parabolic", 
        "value": 85.684323094181707
    }, 
    "Ar41": {
        "error": 0.12670074409856485, 
        "fit": "average_SEM", 
        "value": -0.14974475046321459
    }
}