{
    "Ar36": {
        "error": 0.00099869007746354837, 
        "fit": "parabolic", 
        "value": 0.0020784441455309484
    }, 
    "Ar37": {
        "error": 0.13177171225890077, 
        "fit": "linear", 
        "value": 0.058183370293483888
    }, 
    "Ar38": {
        "error": 0.25316693610719698, 
        "fit": "linear", 
        "value": 0.14828385159773522
    }, 
    "Ar39": {
        "error": 0.060613034419569341, 
        "fit": "parabolic", 
        "value": 6.17435791972642
    }, 
    "Ar40": {
        "error": 0.17048642215624338, 
        "fit": "parabolic", 
        "value": 85.555291248642931
    }, 
    "Ar41": {
        "error": 0.12097121907870595, 
        "fit": "average_SEM", 
        "value": -0.15324096590993577
    }
}