{
    "Ar36": {
        "error": 0.00096050756388801905, 
        "fit": "parabolic", 
        "value": 0.002440661991108253
    }, 
    "Ar37": {
        "error": 0.12990650274418969, 
        "fit": "linear", 
        "value": 0.16554411209269021
    }, 
    "Ar38": {
        "error": 0.3304038423919553, 
        "fit": "linear", 
        "value": 0.17094760202928072
    }, 
    "Ar39": {
        "error": 0.061552068605068323, 
        "fit": "parabolic", 
        "value": 6.2023683501969948
    }, 
    "Ar40": {
        "error": 0.1680872697683361, 
        "fit": "parabolic", 
        "value": 85.879516970047206
    }, 
    "Ar41": {
        "error": 0.13040443645953423, 
        "fit": "average_SEM", 
        "value": 0.11166264327006502
    }
}