{
    "Ar36": {
        "error": 0.00098317983948656125, 
        "fit": "parabolic", 
        "value": 0.0025891556098997836
    }, 
    "Ar37": {
        "error": 0.12794357114832136, 
        "fit": "linear", 
        "value": 0.1740394576115947
    }, 
    "Ar38": {
        "error": 0.32931593830900774, 
        "fit": "linear", 
        "value": 0.19870787308719462
    }, 
    "Ar39": {
        "error": 0.060051242241454111, 
        "fit": "parabolic", 
        "value": 6.1695484660880737
    }, 
    "Ar40": {
        "error": 0.16617914180127344, 
        "fit": "parabolic", 
        "value": 85.651915879163539
    }, 
    "Ar41": {
        "error": 0.12461261510411706, 
        "fit": "average_SEM", 
        "value": 0.1166841938689322
    }
}