{
    "Ar36": {
        "error": 0.00098982678632007553, 
        "fit": "parabolic", 
        "value": 0.0022271546388960822
    }, 
    "Ar37": {
        "error": 0.12819390945105244, 
        "fit": "linear", 
        "value": 0.30561970385109893
    }, 
    "Ar38": {
        "error": 0.2418594131626651, 
        "fit": "linear", 
        "value": 0.26545070338570242
    }, 
    "Ar39": {
        "error": 0.057975429880725682, 
        "fit": "parabolic", 
        "value": 6.1889695584232012
    }, 
    "Ar40": {
        "error": 0.17081873820223226, 
        "fit": "parabolic", 
        "value": 85.841934606528497
    }, 
    "Ar41": {
        "error": 0.14812455517371625, 
        "fit": "average_SEM", 
        "value": -0.000213950706020114
    }
}