{
    "Ar36": {
        "error": 0.00093457799546838689, 
        "fit": "parabolic", 
        "value": 0.0023597991819788106
    }, 
    "Ar37": {
        "error": 0.12990754744424135, 
        "fit": "linear", 
        "value": 0.18985521562354152
    }, 
    "Ar38": {
        "error": 0.24997415492641512, 
        "fit": "linear", 
        "value": 0.2493525834690089
    }, 
    "Ar39": {
        "error": 0.062081830314939544, 
        "fit": "parabolic", 
        "value": 6.1677707284693799
    }, 
    "Ar40": {
        "error": 0.17366684716726447, 
        "fit": "parabolic", 
        "value": 85.43074845359159
    }, 
    "Ar41": {
        "error": 0.12929671595597739, 
        "fit": "average_SEM", 
        "value": -0.065657385171489294
    }
}