{
    "Ar36": {
        "error": 0.00091811780646874853, 
        "fit": "parabolic", 
        "value": 0.0024071768027631654
    }, 
    "Ar37": {
        "error": 0.12296223435760335, 
        "fit": "linear", 
        "value": 0.25962624065957973
    }, 
    "Ar38": {
        "error": 0.22584902410870666, 
        "fit": "linear", 
        "value": 0.25392348680379095
    }, 
    "Ar39": {
        "error": 0.062731294234803767, 
        "fit": "parabolic", 
        "value": 6.1977702476383474
    }, 
    "Ar40": {
        "error": 0.1638024788097629, 
        "fit": "parabolic", 
        "value": 85.818829016430271
    }, 
    "Ar41": {
        "error": 0.13589536490113935, 
        "fit": "average_SEM", 
        "value": -0.020796212226850911
    }
}