{
    "AX": {
        "error": 0.0593937650224612, 
        "fit": "average_SEM", 
        "value": -0.019330615780523253
    }, 
    "CDD": {
        "error": 0.00017274757053567435, 
        "fit": "average_SEM", 
        "value": 0.0001785439193352229
    }, 
    "H1": {
        "error": 0.1121992500246808, 
        "fit": "average_SEM", 
        "value": 0.22612153608351945
    }, 
    "H2": {
        "error": 0.12733932836734854, 
        "fit": "average_SEM", 
        "value": -0.02695023387657582
    }, 
    "L1": {
        "error": 0.18945040232453633, 
        "fit": "average_SEM", 
        "value": 0.18460860615596175
    }, 
    "L2": {
        "error": 0.13691154032187966, 
        "fit": "average_SEM", 
        "value": 0.2602026983888613
    }
}