{
    "AX": {
        "error": 0.05966939545415182, 
        "fit": "average_SEM", 
        "value": -0.025063818104616883
    }, 
    "CDD": {
        "error": 0.00011900731074967574, 
        "fit": "average_SEM", 
        "value": 9.187211366629021e-05
    }, 
    "H1": {
        "error": 0.10696363941796388, 
        "fit": "average_SEM", 
        "value": 0.2255719087190098
    }, 
    "H2": {
        "error": 0.1160576235290084, 
        "fit": "average_SEM", 
        "value": -0.015506124533001438
    }, 
    "L1": {
        "error": 0.26258363276505897, 
        "fit": "average_SEM", 
        "value": 0.1551200304257994
    }, 
    "L2": {
        "error": 0.1344431034670516, 
        "fit": "average_SEM", 
        "value": 0.2198854668893748
    }
}