{
    "AX": {
        "error": 0.056890475414783453, 
        "fit": "average_SEM", 
        "value": -0.010333332058831326
    }, 
    "CDD": {
        "error": 0.00014412360508398152, 
        "fit": "average_SEM", 
        "value": 0.00015947612183582453
    }, 
    "H1": {
        "error": 0.12197388768780065, 
        "fit": "average_SEM", 
        "value": 0.2229861782398075
    }, 
    "H2": {
        "error": 0.1339736887763259, 
        "fit": "average_SEM", 
        "value": -0.015600338745813739
    }, 
    "L1": {
        "error": 0.22158858275440177, 
        "fit": "average_SEM", 
        "value": 0.16195656584071305
    }, 
    "L2": {
        "error": 0.12684343875641116, 
        "fit": "average_SEM", 
        "value": 0.24234757583665972
    }
}