{
    "AX": {
        "error": 0.050467459741929344, 
        "fit": "average_SEM", 
        "value": -0.016579477294969062
    }, 
    "CDD": {
        "error": 0.00018038838555551118, 
        "fit": "average_SEM", 
        "value": 0.00012307396520757014
    }, 
    "H1": {
        "error": 0.13262967071116352, 
        "fit": "average_SEM", 
        "value": 0.19896131148632573
    }, 
    "H2": {
        "error": 0.15099686199117301, 
        "fit": "average_SEM", 
        "value": -0.031220461362196753
    }, 
    "L1": {
        "error": 0.2606137233645927, 
        "fit": "average_SEM", 
        "value": 0.13620629724270353
    }, 
    "L2": {
        "error": 0.13544530834906138, 
        "fit": "average_SEM", 
        "value": 0.22650480084121227
    }
}