{
    "AX": {
        "error": 0.05431663889542585, 
        "fit": "average_SEM", 
        "value": -0.025552264942477147
    }, 
    "CDD": {
        "error": 0.0001661119696196852, 
        "fit": "average_SEM", 
        "value": 0.00016120955794273565
    }, 
    "H1": {
        "error": 0.1262266059072266, 
        "fit": "average_SEM", 
        "value": 0.20644228602242137
    }, 
    "H2": {
        "error": 0.12064310478324869, 
        "fit": "average_SEM", 
        "value": -0.04936039995453838
    }, 
    "L1": {
        "error": 0.2948986786091465, 
        "fit": "average_SEM", 
        "value": 0.1482655271473858
    }, 
    "L2": {
        "error": 0.14291987819448215, 
        "fit": "average_SEM", 
        "value": 0.23304644023947832
    }
}