{
    "AX": {
        "error": 0.06153515283887297, 
        "fit": "average_SEM", 
        "value": -0.017869194242585866
    }, 
    "CDD": {
        "error": 0.00013845682028113145, 
        "fit": "average_SEM", 
        "value": 0.00011960709137686839
    }, 
    "H1": {
        "error": 0.12206632828973843, 
        "fit": "average_SEM", 
        "value": 0.16182694254029129
    }, 
    "H2": {
        "error": 0.13114236694927248, 
        "fit": "average_SEM", 
        "value": -0.05992914212531307
    }, 
    "L1": {
        "error": 0.31949423397244237, 
        "fit": "average_SEM", 
        "value": 0.1061317722836975
    }, 
    "L2": {
        "error": 0.13439452123716927, 
        "fit": "average_SEM", 
        "value": 0.20102223986759782
    }
}