{
    "AX": {
        "error": 0.059583375105005575, 
        "fit": "average_SEM", 
        "value": -0.01697988079880209
    }, 
    "CDD": {
        "error": 0.0001360213487764007, 
        "fit": "average_SEM", 
        "value": 0.0001057396025215793
    }, 
    "H1": {
        "error": 0.11300135520352965, 
        "fit": "average_SEM", 
        "value": 0.17966712639770574
    }, 
    "H2": {
        "error": 0.1399785780755667, 
        "fit": "average_SEM", 
        "value": -0.05844075976767474
    }, 
    "L1": {
        "error": 0.26854521150936383, 
        "fit": "average_SEM", 
        "value": 0.13615182673351633
    }, 
    "L2": {
        "error": 0.13398107465259992, 
        "fit": "average_SEM", 
        "value": 0.20393926370888948
    }
}