{
    "AX": {
        "error": 0.05398705253383036, 
        "fit": "average_SEM", 
        "value": -0.019170741028210612
    }, 
    "CDD": {
        "error": 0.0001604169136180892, 
        "fit": "average_SEM", 
        "value": 0.00014040832465980201
    }, 
    "H1": {
        "error": 0.11747529208288968, 
        "fit": "average_SEM", 
        "value": 0.18371297636121098
    }, 
    "H2": {
        "error": 0.14536722611710023, 
        "fit": "average_SEM", 
        "value": -0.054565243386120225
    }, 
    "L1": {
        "error": 0.31435603177006055, 
        "fit": "average_SEM", 
        "value": 0.08599598707579491
    }, 
    "L2": {
        "error": 0.12873670989062927, 
        "fit": "average_SEM", 
        "value": 0.1840589035457621
    }
}