{
    "AX": {
        "error": 0.06231388979732731, 
        "fit": "average_SEM", 
        "value": -0.01253729687887244
    }, 
    "CDD": {
        "error": 0.00012766694748226752, 
        "fit": "average_SEM", 
        "value": 0.00011440678305613498
    }, 
    "H1": {
        "error": 0.1280204787773523, 
        "fit": "average_SEM", 
        "value": 0.1377168860519305
    }, 
    "H2": {
        "error": 0.15564277546805463, 
        "fit": "average_SEM", 
        "value": -0.09273236169699683
    }, 
    "L1": {
        "error": 0.3272814911065619, 
        "fit": "average_SEM", 
        "value": 0.11763650171665682
    }, 
    "L2": {
        "error": 0.15418415600061372, 
        "fit": "average_SEM", 
        "value": 0.10648779426054615
    }
}