{
    "AX": {
        "error": 0.0633972860458386, 
        "fit": "average_SEM", 
        "value": -0.012073685673143094
    }, 
    "CDD": {
        "error": 9.874587181124055e-05, 
        "fit": "average_SEM", 
        "value": 5.0269647100422945e-05
    }, 
    "H1": {
        "error": 0.12496037892827348, 
        "fit": "average_SEM", 
        "value": 0.1499380935397413
    }, 
    "H2": {
        "error": 0.14791600422097048, 
        "fit": "average_SEM", 
        "value": -0.08388714829925448
    }, 
    "L1": {
        "error": 0.30197521501363217, 
        "fit": "average_SEM", 
        "value": 0.09506487710815337
    }, 
    "L2": {
        "error": 0.13688243064912747, 
        "fit": "average_SEM", 
        "value": 0.19755780087887412
    }
}