{
    "AX": {
        "error": 0.05553730351459173, 
        "fit": "average_SEM", 
        "value": -0.010156417680425673
    }, 
    "CDD": {
        "error": 0.00014037477725677703, 
        "fit": "average_SEM", 
        "value": 0.00011267334694922384
    }, 
    "H1": {
        "error": 0.11550021621572827, 
        "fit": "average_SEM", 
        "value": 0.12855317045210135
    }, 
    "H2": {
        "error": 0.13682926170090579, 
        "fit": "average_SEM", 
        "value": -0.10252255148564776
    }, 
    "L1": {
        "error": 0.3255039994319152, 
        "fit": "average_SEM", 
        "value": 0.09394767029831806
    }, 
    "L2": {
        "error": 0.11921781936028036, 
        "fit": "average_SEM", 
        "value": 0.14557079095134717
    }
}