{
    "AX": {
        "error": 0.050968163374210174, 
        "fit": "average_SEM", 
        "value": -0.01884784772927459
    }, 
    "CDD": {
        "error": 0.00016379093299352193, 
        "fit": "average_SEM", 
        "value": 0.00014040832530655382
    }, 
    "H1": {
        "error": 0.12990658098773206, 
        "fit": "average_SEM", 
        "value": 0.18758381261593765
    }, 
    "H2": {
        "error": 0.13716789810833813, 
        "fit": "average_SEM", 
        "value": -0.07593119777997749
    }, 
    "L1": {
        "error": 0.3044127202144331, 
        "fit": "average_SEM", 
        "value": 0.11489612712628311
    }, 
    "L2": {
        "error": 0.11345991348489924, 
        "fit": "average_SEM", 
        "value": 0.19939791111068594
    }
}