{
    "AX": {
        "error": 0.05936471100304785, 
        "fit": "average_SEM", 
        "value": -0.01054632362372811
    }, 
    "CDD": {
        "error": 9.97713931451687e-05, 
        "fit": "average_SEM", 
        "value": 7.280431649026771e-05
    }, 
    "H1": {
        "error": 0.12914235538448054, 
        "fit": "average_SEM", 
        "value": 0.12171781824436038
    }, 
    "H2": {
        "error": 0.1276882883412332, 
        "fit": "average_SEM", 
        "value": -0.11937553944687049
    }, 
    "L1": {
        "error": 0.3294301275057829, 
        "fit": "average_SEM", 
        "value": 0.12193561227371295
    }, 
    "L2": {
        "error": 0.13601839723452194, 
        "fit": "average_SEM", 
        "value": 0.10769769101817575
    }
}