{
    "AX": {
        "error": 0.06394998828543882, 
        "fit": "average_SEM", 
        "value": -0.022493289716981557
    }, 
    "CDD": {
        "error": 0.0001247416481434567, 
        "fit": "average_SEM", 
        "value": 9.880585809393475e-05
    }, 
    "H1": {
        "error": 0.12564324394339454, 
        "fit": "average_SEM", 
        "value": 0.1202438245061785
    }, 
    "H2": {
        "error": 0.14728627856170812, 
        "fit": "average_SEM", 
        "value": -0.10511928073311638
    }, 
    "L1": {
        "error": 0.3227179006249247, 
        "fit": "average_SEM", 
        "value": 0.07342880446004629
    }, 
    "L2": {
        "error": 0.13824080126292448, 
        "fit": "average_SEM", 
        "value": 0.11815009620299356
    }
}