{
    "AX": {
        "error": 0.056450933382270446, 
        "fit": "average_SEM", 
        "value": -0.015034305393540611
    }, 
    "CDD": {
        "error": 0.00010673130268510706, 
        "fit": "average_SEM", 
        "value": 5.0269647100422945e-05
    }, 
    "H1": {
        "error": 0.12120250046043839, 
        "fit": "average_SEM", 
        "value": 0.09489469676433752
    }, 
    "H2": {
        "error": 0.1516041691440624, 
        "fit": "average_SEM", 
        "value": -0.13303360117651108
    }, 
    "L1": {
        "error": 0.32320549824721795, 
        "fit": "average_SEM", 
        "value": 0.05855225067999628
    }, 
    "L2": {
        "error": 0.13004229806769368, 
        "fit": "average_SEM", 
        "value": 0.09535185810689452
    }
}