{
    "AX": {
        "error": 0.06100978351069862, 
        "fit": "average_SEM", 
        "value": -0.021650502546496378
    }, 
    "CDD": {
        "error": 0.00014614395681368032, 
        "fit": "average_SEM", 
        "value": 0.00014040832465980201
    }, 
    "H1": {
        "error": 0.12053398837823102, 
        "fit": "average_SEM", 
        "value": 0.1135157622759127
    }, 
    "H2": {
        "error": 0.14495327766986357, 
        "fit": "average_SEM", 
        "value": -0.09456653537571481
    }, 
    "L1": {
        "error": 0.349449554203952, 
        "fit": "average_SEM", 
        "value": 0.07008286195147471
    }, 
    "L2": {
        "error": 0.1262364468297453, 
        "fit": "average_SEM", 
        "value": 0.11532359258789156
    }
}