{
    "AX": {
        "error": 0.05474368552782754, 
        "fit": "average_SEM", 
        "value": -0.007029425131299326
    }, 
    "CDD": {
        "error": 6.928873514203455e-05, 
        "fit": "average_SEM", 
        "value": 3.466872213822272e-05
    }, 
    "H1": {
        "error": 0.12634535767626542, 
        "fit": "average_SEM", 
        "value": 0.0424607079062197
    }, 
    "H2": {
        "error": 0.12560851310051957, 
        "fit": "average_SEM", 
        "value": -0.17598381589624396
    }, 
    "L1": {
        "error": 0.3170348390249691, 
        "fit": "average_SEM", 
        "value": -0.01866617679802908
    }, 
    "L2": {
        "error": 0.12753621068154722, 
        "fit": "average_SEM", 
        "value": -0.009925086915286051
    }
}