{
    "AX": {
        "error": 0.05814373193288018, 
        "fit": "average_SEM", 
        "value": -0.006609863359093045
    }, 
    "CDD": {
        "error": 0.00012516720205606196, 
        "fit": "average_SEM", 
        "value": 0.00010747303862849044
    }, 
    "H1": {
        "error": 0.10789621551389877, 
        "fit": "average_SEM", 
        "value": 0.08253924827893368
    }, 
    "H2": {
        "error": 0.1399131371087278, 
        "fit": "average_SEM", 
        "value": -0.15980539830181645
    }, 
    "L1": {
        "error": 0.36079112655244594, 
        "fit": "average_SEM", 
        "value": 0.029677016712311242
    }, 
    "L2": {
        "error": 0.11722429913300766, 
        "fit": "average_SEM", 
        "value": 0.06734907003507638
    }
}