{
    "AX": {
        "error": 0.051610060036842265, 
        "fit": "average_SEM", 
        "value": -0.011277444143262174
    }, 
    "CDD": {
        "error": 2.816140663503919e-05, 
        "fit": "average_SEM", 
        "value": 5.200308320733408e-06
    }, 
    "H1": {
        "error": 0.12145167553217846, 
        "fit": "average_SEM", 
        "value": 0.05020019903513458
    }, 
    "H2": {
        "error": 0.14312678982136515, 
        "fit": "average_SEM", 
        "value": -0.17686645784415306
    }, 
    "L1": {
        "error": 0.30380613018319136, 
        "fit": "average_SEM", 
        "value": 0.0013677648165159755
    }, 
    "L2": {
        "error": 0.14322871072550183, 
        "fit": "average_SEM", 
        "value": 0.009412383877335943
    }
}