{
    "AX": {
        "error": 0.06186956866917788, 
        "fit": "average_SEM", 
        "value": -0.01107654088053904
    }, 
    "CDD": {
        "error": 0.00014063429419671915, 
        "fit": "average_SEM", 
        "value": 8.493836988539745e-05
    }, 
    "H1": {
        "error": 0.14594248635720503, 
        "fit": "average_SEM", 
        "value": 0.054059214256186455
    }, 
    "H2": {
        "error": 0.12992329103650127, 
        "fit": "average_SEM", 
        "value": -0.15201242954159777
    }, 
    "L1": {
        "error": 0.3394964855636633, 
        "fit": "average_SEM", 
        "value": 0.04551186482422054
    }, 
    "L2": {
        "error": 0.12722749988240226, 
        "fit": "average_SEM", 
        "value": 0.055007565267280574
    }
}