{
    "AX": {
        "error": 0.05336943360048016, 
        "fit": "average_SEM", 
        "value": -0.013554643139812268
    }, 
    "CDD": {
        "error": 9.401690505930162e-05, 
        "fit": "average_SEM", 
        "value": 5.373651931424522e-05
    }, 
    "H1": {
        "error": 0.12585325537612702, 
        "fit": "average_SEM", 
        "value": 0.038848794053774324
    }, 
    "H2": {
        "error": 0.1190828255680282, 
        "fit": "average_SEM", 
        "value": -0.16953897721444566
    }, 
    "L1": {
        "error": 0.3007386231291238, 
        "fit": "average_SEM", 
        "value": -0.13907192346846892
    }, 
    "L2": {
        "error": 0.12689165096731495, 
        "fit": "average_SEM", 
        "value": -0.004814823639915428
    }
}