{
    "AX": {
        "error": 0.06049587186685269, 
        "fit": "average_SEM", 
        "value": -0.014283203153819259
    }, 
    "CDD": {
        "error": 0.0001273333017252061, 
        "fit": "average_SEM", 
        "value": 0.00010747303862849044
    }, 
    "H1": {
        "error": 0.12661708347037867, 
        "fit": "average_SEM", 
        "value": 0.006258066916941769
    }, 
    "H2": {
        "error": 0.12487861203458642, 
        "fit": "average_SEM", 
        "value": -0.2314869828108284
    }, 
    "L1": {
        "error": 0.2815214209041459, 
        "fit": "average_SEM", 
        "value": 0.024541346175182197
    }, 
    "L2": {
        "error": 0.13451193550932164, 
        "fit": "average_SEM", 
        "value": -0.04415908871839444
    }
}