{
    "AX": {
        "error": 0.05585060012901655, 
        "fit": "average_SEM", 
        "value": -0.013437798465828463
    }, 
    "CDD": {
        "error": 0.0001048789607349448, 
        "fit": "average_SEM", 
        "value": 6.933744427644544e-05
    }, 
    "H1": {
        "error": 0.12206674058200978, 
        "fit": "average_SEM", 
        "value": 0.031328671399145
    }, 
    "H2": {
        "error": 0.1221914267273445, 
        "fit": "average_SEM", 
        "value": -0.1825581213666333
    }, 
    "L1": {
        "error": 0.2602473485538156, 
        "fit": "average_SEM", 
        "value": -0.19797128781210632
    }, 
    "L2": {
        "error": 0.13884573701165842, 
        "fit": "average_SEM", 
        "value": -0.013774376998965939
    }
}