{
    "AX": {
        "error": 0.0547264505005969, 
        "fit": "average_SEM", 
        "value": -0.0034544612350550273
    }, 
    "CDD": {
        "error": 0.0001323988946678315, 
        "fit": "average_SEM", 
        "value": 0.00011960709137686839
    }, 
    "H1": {
        "error": 0.12196316526275118, 
        "fit": "average_SEM", 
        "value": 0.035205177743531144
    }, 
    "H2": {
        "error": 0.12735143081579192, 
        "fit": "average_SEM", 
        "value": -0.20167818825898898
    }, 
    "L1": {
        "error": 0.29418068019049354, 
        "fit": "average_SEM", 
        "value": -0.10050321521444452
    }, 
    "L2": {
        "error": 0.1221647584734326, 
        "fit": "average_SEM", 
        "value": -0.034604504335180135
    }
}