{
    "AX": {
        "error": 0.05665804386401927, 
        "fit": "average_SEM", 
        "value": -0.005396807909750755
    }, 
    "CDD": {
        "error": 0.00011291504961465478, 
        "fit": "average_SEM", 
        "value": 0.00010053929420084589
    }, 
    "H1": {
        "error": 0.10747166639697756, 
        "fit": "average_SEM", 
        "value": 0.020980556173405298
    }, 
    "H2": {
        "error": 0.11066662310728341, 
        "fit": "average_SEM", 
        "value": -0.21792455501854419
    }, 
    "L1": {
        "error": 0.2698334062976789, 
        "fit": "average_SEM", 
        "value": -0.009068423085328606
    }, 
    "L2": {
        "error": 0.12673902147659302, 
        "fit": "average_SEM", 
        "value": -0.053433294620157945
    }
}