{
    "AX": {
        "error": 0.059613023568253, 
        "fit": "average_SEM", 
        "value": -0.006516803490618865
    }, 
    "CDD": {
        "error": 0.00013348457120891194, 
        "fit": "average_SEM", 
        "value": 0.00018374422733258042
    }, 
    "H1": {
        "error": 0.1326853791662015, 
        "fit": "average_SEM", 
        "value": 0.011896815849468112
    }, 
    "H2": {
        "error": 0.12481381931773516, 
        "fit": "average_SEM", 
        "value": -0.21185458159177667
    }, 
    "L1": {
        "error": 0.24198639613077286, 
        "fit": "average_SEM", 
        "value": -0.019339806239845023
    }, 
    "L2": {
        "error": 0.12615789112615994, 
        "fit": "average_SEM", 
        "value": -0.030830412720226578
    }
}