{
    "AX": {
        "error": 0.051171238885556386, 
        "fit": "average_SEM", 
        "value": -0.010861773069740998
    }, 
    "CDD": {
        "error": 0.0001746630152735066, 
        "fit": "average_SEM", 
        "value": 0.00019067797240697676
    }, 
    "H1": {
        "error": 0.1278408624476742, 
        "fit": "average_SEM", 
        "value": 0.020061110456784565
    }, 
    "H2": {
        "error": 0.1223416960580074, 
        "fit": "average_SEM", 
        "value": -0.1983760957761357
    }, 
    "L1": {
        "error": 0.2415094427312827, 
        "fit": "average_SEM", 
        "value": -0.007538322292061315
    }, 
    "L2": {
        "error": 0.1404567176524136, 
        "fit": "average_SEM", 
        "value": -0.04279113612655136
    }
}