{
    "AX": {
        "error": 0.05386360187597072, 
        "fit": "average_SEM", 
        "value": -0.009640009531803015
    }, 
    "CDD": {
        "error": 0.00010892927397872756, 
        "fit": "average_SEM", 
        "value": 6.0670263741889765e-05
    }, 
    "H1": {
        "error": 0.12092767652861908, 
        "fit": "average_SEM", 
        "value": 0.023711147219546546
    }, 
    "H2": {
        "error": 0.1353758776119274, 
        "fit": "average_SEM", 
        "value": -0.21905913470416433
    }, 
    "L1": {
        "error": 0.24529287665367597, 
        "fit": "average_SEM", 
        "value": -0.031326638982217346
    }, 
    "L2": {
        "error": 0.14487133390458826, 
        "fit": "average_SEM", 
        "value": -0.02116331665311009
    }
}