{
    "AX": {
        "error": 0.056550837501314, 
        "fit": "average_SEM", 
        "value": -0.019948739351497755
    }, 
    "CDD": {
        "error": 0.00013726662495939037, 
        "fit": "average_SEM", 
        "value": 0.00015080894130126883
    }, 
    "H1": {
        "error": 0.1143284317021375, 
        "fit": "average_SEM", 
        "value": 0.05578540933784097
    }, 
    "H2": {
        "error": 0.13561868330379226, 
        "fit": "average_SEM", 
        "value": -0.18906286378623918
    }, 
    "L1": {
        "error": 0.22563277486442368, 
        "fit": "average_SEM", 
        "value": 0.006803070608940389
    }, 
    "L2": {
        "error": 0.12592026862584552, 
        "fit": "average_SEM", 
        "value": 0.0031568062853895955
    }
}