{
    "AX": {
        "error": 0.058083699530200615, 
        "fit": "average_SEM", 
        "value": -0.01257631507728042
    }, 
    "CDD": {
        "error": 0.00011705075183598022, 
        "fit": "average_SEM", 
        "value": 8.840524145246794e-05
    }, 
    "H1": {
        "error": 0.11351477722641662, 
        "fit": "average_SEM", 
        "value": 0.04852632206624952
    }, 
    "H2": {
        "error": 0.11448920582632578, 
        "fit": "average_SEM", 
        "value": -0.2037724067715721
    }, 
    "L1": {
        "error": 0.24189700005637618, 
        "fit": "average_SEM", 
        "value": -0.01411184085946944
    }, 
    "L2": {
        "error": 0.13132044765309364, 
        "fit": "average_SEM", 
        "value": -0.005526000877014465
    }
}