{
    "AX": {
        "error": 0.0584824690992269, 
        "fit": "average_SEM", 
        "value": -0.022372238266850926
    }, 
    "CDD": {
        "error": 0.000132937127051753, 
        "fit": "average_SEM", 
        "value": 0.00010053929420084589
    }, 
    "H1": {
        "error": 0.13726877031690327, 
        "fit": "average_SEM", 
        "value": 0.027336796519941548
    }, 
    "H2": {
        "error": 0.12650642066722084, 
        "fit": "average_SEM", 
        "value": -0.21372093759063218
    }, 
    "L1": {
        "error": 0.2297937307548573, 
        "fit": "average_SEM", 
        "value": -0.004762020674469467
    }, 
    "L2": {
        "error": 0.1282741580844557, 
        "fit": "average_SEM", 
        "value": -0.02600497464494159
    }
}