{
    "AX": {
        "error": 0.05555393019466174, 
        "fit": "average_SEM", 
        "value": -0.009157506627121215
    }, 
    "CDD": {
        "error": 0.00014272534213221312, 
        "fit": "average_SEM", 
        "value": 0.00011093991084231271
    }, 
    "H1": {
        "error": 0.12458789355805511, 
        "fit": "average_SEM", 
        "value": 0.04987460414801414
    }, 
    "H2": {
        "error": 0.1241432520214348, 
        "fit": "average_SEM", 
        "value": -0.1894745474965829
    }, 
    "L1": {
        "error": 0.24109751264252172, 
        "fit": "average_SEM", 
        "value": 0.029469046272343903
    }, 
    "L2": {
        "error": 0.13115152764864058, 
        "fit": "average_SEM", 
        "value": -0.02234096597078153
    }
}