{
    "AX": {
        "error": 0.062679469949856, 
        "fit": "average_SEM", 
        "value": -0.020241872389386927
    }, 
    "CDD": {
        "error": 0.00015870300853183022, 
        "fit": "average_SEM", 
        "value": 0.00014040832465980201
    }, 
    "H1": {
        "error": 0.1240706266671173, 
        "fit": "average_SEM", 
        "value": 0.04899177931494907
    }, 
    "H2": {
        "error": 0.12402225608848069, 
        "fit": "average_SEM", 
        "value": -0.1923938491071264
    }, 
    "L1": {
        "error": 0.24729025287561465, 
        "fit": "average_SEM", 
        "value": -0.01243437584489584
    }, 
    "L2": {
        "error": 0.13213370029207297, 
        "fit": "average_SEM", 
        "value": 0.008969810116104782
    }
}