{
    "AX": {
        "error": 0.04766730471137311, 
        "fit": "average_SEM", 
        "value": -0.011047348072881706
    }, 
    "CDD": {
        "error": 0.0001725715848373118, 
        "fit": "average_SEM", 
        "value": 0.00015080894162464474
    }, 
    "H1": {
        "error": 0.13555869245214786, 
        "fit": "average_SEM", 
        "value": 0.057423210924672376
    }, 
    "H2": {
        "error": 0.1330053814437922, 
        "fit": "average_SEM", 
        "value": -0.18166816004862388
    }, 
    "L1": {
        "error": 0.26687263281174445, 
        "fit": "average_SEM", 
        "value": 0.02403210194574462
    }, 
    "L2": {
        "error": 0.15597681277450126, 
        "fit": "average_SEM", 
        "value": 0.0019474675308123956
    }
}