{
    "AX": {
        "error": 0.05477239220418237, 
        "fit": "average_SEM", 
        "value": -0.015090726614127763
    }, 
    "CDD": {
        "error": 0.00010471949301286545, 
        "fit": "average_SEM", 
        "value": 6.76040081695343e-05
    }, 
    "H1": {
        "error": 0.11535227996072882, 
        "fit": "average_SEM", 
        "value": 0.06243302369774836
    }, 
    "H2": {
        "error": 0.11539603721184996, 
        "fit": "average_SEM", 
        "value": -0.2080578305758536
    }, 
    "L1": {
        "error": 0.25813112201172306, 
        "fit": "average_SEM", 
        "value": 0.041973217732609355
    }, 
    "L2": {
        "error": 0.11261271619846257, 
        "fit": "average_SEM", 
        "value": 0.02965504680760205
    }
}