{
    "AX": {
        "error": 0.0592065088799989, 
        "fit": "average_SEM", 
        "value": -0.023703877912420367
    }, 
    "CDD": {
        "error": 0.00012786909338330043, 
        "fit": "average_SEM", 
        "value": 0.00012654083580451294
    }, 
    "H1": {
        "error": 0.14223304688061103, 
        "fit": "average_SEM", 
        "value": 0.1301475517762204
    }, 
    "H2": {
        "error": 0.1372199259017503, 
        "fit": "average_SEM", 
        "value": -0.0987851023851868
    }, 
    "L1": {
        "error": 0.3524533542058094, 
        "fit": "average_SEM", 
        "value": 0.11236015698975987
    }, 
    "L2": {
        "error": 0.13662081440226292, 
        "fit": "average_SEM", 
        "value": 0.1560307509679761
    }
}