{
    "AX": {
        "error": 0.06283513484809825, 
        "fit": "average_SEM", 
        "value": -0.018342538431493773
    }, 
    "CDD": {
        "error": 0.00010223822742566873, 
        "fit": "average_SEM", 
        "value": 6.933744427644544e-05
    }, 
    "H1": {
        "error": 0.12457295280192768, 
        "fit": "average_SEM", 
        "value": 0.11967513575428812
    }, 
    "H2": {
        "error": 0.11826755355636158, 
        "fit": "average_SEM", 
        "value": -0.11572067958768457
    }, 
    "L1": {
        "error": 0.31513781952761966, 
        "fit": "average_SEM", 
        "value": 0.07702641593188875
    }, 
    "L2": {
        "error": 0.12186349768317369, 
        "fit": "average_SEM", 
        "value": 0.10915030281887286
    }
}