{
    "AX": {
        "error": 0.05025410605673542, 
        "fit": "average_SEM", 
        "value": -0.020376322804400437
    }, 
    "CDD": {
        "error": 0.00014102266428647636, 
        "fit": "average_SEM", 
        "value": 0.00014734206908744655
    }, 
    "H1": {
        "error": 0.12203257992287962, 
        "fit": "average_SEM", 
        "value": 0.14139876849852348
    }, 
    "H2": {
        "error": 0.13057107695397713, 
        "fit": "average_SEM", 
        "value": -0.09380026676226408
    }, 
    "L1": {
        "error": 0.32164055600218794, 
        "fit": "average_SEM", 
        "value": 0.08443839743526446
    }, 
    "L2": {
        "error": 0.12353569425258458, 
        "fit": "average_SEM", 
        "value": 0.1507815231413891
    }
}