{
    "AX": {
        "error": 0.06396187059581933, 
        "fit": "average_SEM", 
        "value": -0.015018801704475967
    }, 
    "CDD": {
        "error": 0.00017379974406801877, 
        "fit": "average_SEM", 
        "value": 0.000168143303017132
    }, 
    "H1": {
        "error": 0.11618645715271203, 
        "fit": "average_SEM", 
        "value": 0.12370095262691999
    }, 
    "H2": {
        "error": 0.11768005510358151, 
        "fit": "average_SEM", 
        "value": -0.1248843523621973
    }, 
    "L1": {
        "error": 0.3298850795029631, 
        "fit": "average_SEM", 
        "value": 0.11240905235624976
    }, 
    "L2": {
        "error": 0.1415314848724602, 
        "fit": "average_SEM", 
        "value": 0.12307336316638005
    }
}