{
    "AX": {
        "error": 0.059444785768967265, 
        "fit": "average_SEM", 
        "value": -0.008709125171622468
    }, 
    "CDD": {
        "error": 0.00011740068012589674, 
        "fit": "average_SEM", 
        "value": 8.320493313173453e-05
    }, 
    "H1": {
        "error": 0.12191832054035247, 
        "fit": "average_SEM", 
        "value": 0.13666766910593853
    }, 
    "H2": {
        "error": 0.15457642756102924, 
        "fit": "average_SEM", 
        "value": -0.09668329738390942
    }, 
    "L1": {
        "error": 0.3330379847642428, 
        "fit": "average_SEM", 
        "value": 0.09780914092229473
    }, 
    "L2": {
        "error": 0.1317467473261329, 
        "fit": "average_SEM", 
        "value": 0.13204393369895923
    }
}