{
    "AX": {
        "error": 0.05242622854602414, 
        "fit": "average_SEM", 
        "value": -0.017461140400781814
    }, 
    "CDD": {
        "error": 0.00012027716435860671, 
        "fit": "average_SEM", 
        "value": 0.00010920647473540157
    }, 
    "H1": {
        "error": 0.11413078059104864, 
        "fit": "average_SEM", 
        "value": 0.1709780645272177
    }, 
    "H2": {
        "error": 0.14397118234553735, 
        "fit": "average_SEM", 
        "value": -0.09141850819190343
    }, 
    "L1": {
        "error": 0.3414281442495117, 
        "fit": "average_SEM", 
        "value": 0.13731170186462502
    }, 
    "L2": {
        "error": 0.1298686380927002, 
        "fit": "average_SEM", 
        "value": 0.1687877516469194
    }
}