{
    "AX": {
        "error": 0.05508821656394373, 
        "fit": "average_SEM", 
        "value": -0.008507787340527607
    }, 
    "CDD": {
        "error": 9.106172181125504e-05, 
        "fit": "average_SEM", 
        "value": 5.373651931424522e-05
    }, 
    "H1": {
        "error": 0.12089456263211448, 
        "fit": "average_SEM", 
        "value": 0.17223861413602007
    }, 
    "H2": {
        "error": 0.12728492626165386, 
        "fit": "average_SEM", 
        "value": -0.05470621271007177
    }, 
    "L1": {
        "error": 0.2948086515978206, 
        "fit": "average_SEM", 
        "value": 0.1331313169380236
    }, 
    "L2": {
        "error": 0.11021665196382321, 
        "fit": "average_SEM", 
        "value": 0.21021702661398903
    }
}