{
    "AX": {
        "error": 0.05858292293989769, 
        "fit": "average_SEM", 
        "value": -0.022850749599941385
    }, 
    "CDD": {
        "error": 0.00021008360758325304, 
        "fit": "average_SEM", 
        "value": 0.00025134823647224243
    }, 
    "H1": {
        "error": 0.12274344883176301, 
        "fit": "average_SEM", 
        "value": 0.20555112617504265
    }, 
    "H2": {
        "error": 0.12400336921436324, 
        "fit": "average_SEM", 
        "value": -0.0461240256153461
    }, 
    "L1": {
        "error": 0.25571029846287063, 
        "fit": "average_SEM", 
        "value": 0.1317618822497833
    }, 
    "L2": {
        "error": 0.140998807361355, 
        "fit": "average_SEM", 
        "value": 0.23250511812770533
    }
}