{
    "AX": {
        "error": 0.056387172904925585, 
        "fit": "average_SEM", 
        "value": -0.026242274159772528
    }, 
    "CDD": {
        "error": 0.00012498499922951325, 
        "fit": "average_SEM", 
        "value": 0.00011614021916304612
    }, 
    "H1": {
        "error": 0.13683687185705684, 
        "fit": "average_SEM", 
        "value": 0.21381860916606255
    }, 
    "H2": {
        "error": 0.1392312973188955, 
        "fit": "average_SEM", 
        "value": -0.014662309730839398
    }, 
    "L1": {
        "error": 0.2126649854453155, 
        "fit": "average_SEM", 
        "value": 0.1670990186397426
    }, 
    "L2": {
        "error": 0.11699895380600181, 
        "fit": "average_SEM", 
        "value": 0.2472399396614896
    }
}