{
    "AX": {
        "error": 0.05675880456579529, 
        "fit": "average_SEM", 
        "value": -0.026003514768025423
    }, 
    "CDD": {
        "error": 0.00022927524061254384, 
        "fit": "average_SEM", 
        "value": 0.00022534669616207893
    }, 
    "H1": {
        "error": 0.10388856742442466, 
        "fit": "average_SEM", 
        "value": 0.20467912318805853
    }, 
    "H2": {
        "error": 0.12482551959366091, 
        "fit": "average_SEM", 
        "value": -0.04699132840873466
    }, 
    "L1": {
        "error": 0.2834519737404685, 
        "fit": "average_SEM", 
        "value": 0.12083382976965772
    }, 
    "L2": {
        "error": 0.12312064053447222, 
        "fit": "average_SEM", 
        "value": 0.21686829308875732
    }
}