{
    "AX": {
        "error": 0.05440692778931456, 
        "fit": "average_SEM", 
        "value": -0.018859398907645503
    }, 
    "CDD": {
        "error": 0.0001451006542331269, 
        "fit": "average_SEM", 
        "value": 0.00015774268572891337
    }, 
    "H1": {
        "error": 0.12513602065433446, 
        "fit": "average_SEM", 
        "value": 0.23718244338201153
    }, 
    "H2": {
        "error": 0.14124184702932513, 
        "fit": "average_SEM", 
        "value": -0.00843880180012396
    }, 
    "L1": {
        "error": 0.2393520199344809, 
        "fit": "average_SEM", 
        "value": 0.1767598440974123
    }, 
    "L2": {
        "error": 0.12404961255655922, 
        "fit": "average_SEM", 
        "value": 0.26544384561582574
    }
}