{
    "AX": {
        "error": 0.055277170189930384, 
        "fit": "average_SEM", 
        "value": -0.015396258433530522
    }, 
    "CDD": {
        "error": 0.00010431247512006368, 
        "fit": "average_SEM", 
        "value": 9.187211366629021e-05
    }, 
    "H1": {
        "error": 0.11381008169218046, 
        "fit": "average_SEM", 
        "value": 0.2244041386888259
    }, 
    "H2": {
        "error": 0.11017698273580871, 
        "fit": "average_SEM", 
        "value": 0.0033991781558142973
    }, 
    "L1": {
        "error": 0.2151712828682763, 
        "fit": "average_SEM", 
        "value": 0.16852540666910096
    }, 
    "L2": {
        "error": 0.1455739440318981, 
        "fit": "average_SEM", 
        "value": 0.26248679290422133
    }
}