{
    "AX": {
        "error": 0.05738403410248494, 
        "fit": "average_SEM", 
        "value": -0.016804593796971152
    }, 
    "CDD": {
        "error": 0.00016738753241299514, 
        "fit": "average_SEM", 
        "value": 0.000168143303017132
    }, 
    "H1": {
        "error": 0.12035544892375387, 
        "fit": "average_SEM", 
        "value": 0.2271358250433372
    }, 
    "H2": {
        "error": 0.12376648396502232, 
        "fit": "average_SEM", 
        "value": -0.028562354679322905
    }, 
    "L1": {
        "error": 0.2755178996141863, 
        "fit": "average_SEM", 
        "value": 0.13482523654691048
    }, 
    "L2": {
        "error": 0.14235594447378971, 
        "fit": "average_SEM", 
        "value": 0.25707297407918506
    }
}