{
    "AX": {
        "error": 0.05941673862585239, 
        "fit": "average_SEM", 
        "value": -0.015785700410197022
    }, 
    "CDD": {
        "error": 0.0001301653745759914, 
        "fit": "average_SEM", 
        "value": 9.013867755937907e-05
    }, 
    "H1": {
        "error": 0.11842589791067579, 
        "fit": "average_SEM", 
        "value": 0.20388913582234333
    }, 
    "H2": {
        "error": 0.14020064162910498, 
        "fit": "average_SEM", 
        "value": -0.038712619779916066
    }, 
    "L1": {
        "error": 0.21558237001330233, 
        "fit": "average_SEM", 
        "value": 0.16144095556810498
    }, 
    "L2": {
        "error": 0.11357116247427991, 
        "fit": "average_SEM", 
        "value": 0.276990462674035
    }
}