{
    "AX": {
        "error": 0.056578302147139055, 
        "fit": "average_SEM", 
        "value": -0.01637829808055863
    }, 
    "CDD": {
        "error": 0.00010780770717398072, 
        "fit": "average_SEM", 
        "value": 7.800462481100112e-05
    }, 
    "H1": {
        "error": 0.12144523449569752, 
        "fit": "average_SEM", 
        "value": 0.2154572317092162
    }, 
    "H2": {
        "error": 0.13708621926867184, 
        "fit": "average_SEM", 
        "value": -0.0300426784897152
    }, 
    "L1": {
        "error": 0.2343188365121778, 
        "fit": "average_SEM", 
        "value": 0.18776184943918553
    }, 
    "L2": {
        "error": 0.12103619707233822, 
        "fit": "average_SEM", 
        "value": 0.2640868034110301
    }
}