{
    "AX": {
        "error": 0.05155046945036886, 
        "fit": "average_SEM", 
        "value": -0.0225423131782817
    }, 
    "CDD": {
        "error": 6.570994881509144e-05, 
        "fit": "average_SEM", 
        "value": 2.9468413817489312e-05
    }, 
    "H1": {
        "error": 0.13753238273782833, 
        "fit": "average_SEM", 
        "value": 0.21067310749074547
    }, 
    "H2": {
        "error": 0.14069021979260984, 
        "fit": "average_SEM", 
        "value": -0.014782752950365345
    }, 
    "L1": {
        "error": 0.24342836686411992, 
        "fit": "average_SEM", 
        "value": 0.14675883124905845
    }, 
    "L2": {
        "error": 0.12926777290633218, 
        "fit": "average_SEM", 
        "value": 0.25366623495808904
    }
}