{
    "AX": {
        "error": 0.050816015038428294, 
        "fit": "average_SEM", 
        "value": -0.0197855262118133
    }, 
    "CDD": {
        "error": 8.484311795208697e-05, 
        "fit": "average_SEM", 
        "value": 5.373651931424522e-05
    }, 
    "H1": {
        "error": 0.12883746584507552, 
        "fit": "average_SEM", 
        "value": 0.22162810952350911
    }, 
    "H2": {
        "error": 0.1415478188848374, 
        "fit": "average_SEM", 
        "value": -0.031079643656913604
    }, 
    "L1": {
        "error": 0.23452928479802534, 
        "fit": "average_SEM", 
        "value": 0.1523876913719707
    }, 
    "L2": {
        "error": 0.1137805309454815, 
        "fit": "average_SEM", 
        "value": 0.2843577179643843
    }
}