{
    "AX": {
        "error": 0.06397157365482535, 
        "fit": "average_SEM", 
        "value": -0.02128218954312615
    }, 
    "CDD": {
        "error": 0.00011688189420227654, 
        "fit": "average_SEM", 
        "value": 9.013867755937907e-05
    }, 
    "H1": {
        "error": 0.12265369317293905, 
        "fit": "average_SEM", 
        "value": 0.22865284918936798
    }, 
    "H2": {
        "error": 0.14250248029448265, 
        "fit": "average_SEM", 
        "value": -0.014783757754291098
    }, 
    "L1": {
        "error": 0.27295161596301654, 
        "fit": "average_SEM", 
        "value": 0.19940631308903298
    }, 
    "L2": {
        "error": 0.1370880798414213, 
        "fit": "average_SEM", 
        "value": 0.29478248686258063
    }
}