{
    "AX": {
        "error": 0.051501751332821824, 
        "fit": "average_SEM", 
        "value": -0.022597397707350968
    }, 
    "CDD": {
        "error": 0.00011210483788362348, 
        "fit": "average_SEM", 
        "value": 9.013867755937907e-05
    }, 
    "H1": {
        "error": 0.12200873238396079, 
        "fit": "average_SEM", 
        "value": 0.22794851953577663
    }, 
    "H2": {
        "error": 0.14255515171187147, 
        "fit": "average_SEM", 
        "value": 0.011680439328968836
    }, 
    "L1": {
        "error": 0.26731801896479906, 
        "fit": "average_SEM", 
        "value": 0.1742584712880974
    }, 
    "L2": {
        "error": 0.12561621088006641, 
        "fit": "average_SEM", 
        "value": 0.2796506315883663
    }
}