{
    "AX": {
        "error": 0.05030481537985073, 
        "fit": "average_SEM", 
        "value": -0.02565764930606949
    }, 
    "CDD": {
        "error": 9.656784373575701e-05, 
        "fit": "average_SEM", 
        "value": 6.76040081695343e-05
    }, 
    "H1": {
        "error": 0.11351413766929043, 
        "fit": "average_SEM", 
        "value": 0.22348597569701573
    }, 
    "H2": {
        "error": 0.1265359410548642, 
        "fit": "average_SEM", 
        "value": 0.004559472906920645
    }, 
    "L1": {
        "error": 0.2581114298042867, 
        "fit": "average_SEM", 
        "value": 0.17009554639872576
    }, 
    "L2": {
        "error": 0.1296804197099004, 
        "fit": "average_SEM", 
        "value": 0.2677221194582267
    }
}