{
    "AX": {
        "error": 0.0595271969295403, 
        "fit": "average_SEM", 
        "value": -0.02553272217014132
    }, 
    "CDD": {
        "error": 0.0001407638673148391, 
        "fit": "average_SEM", 
        "value": 0.0001438751968736243
    }, 
    "H1": {
        "error": 0.11344012652124685, 
        "fit": "average_SEM", 
        "value": 0.21930875329611202
    }, 
    "H2": {
        "error": 0.15191954492902665, 
        "fit": "average_SEM", 
        "value": -0.01268041146815651
    }, 
    "L1": {
        "error": 0.26574525459464976, 
        "fit": "average_SEM", 
        "value": 0.19814685340582702
    }, 
    "L2": {
        "error": 0.11913992194822212, 
        "fit": "average_SEM", 
        "value": 0.27036223796506725
    }
}