{
    "AX": {
        "error": 0.05871186939135821, 
        "fit": "average_SEM", 
        "value": -0.015391604265055826
    }, 
    "CDD": {
        "error": 0.00013818222396094288, 
        "fit": "average_SEM", 
        "value": 0.00013174114412524635
    }, 
    "H1": {
        "error": 0.11442730434218132, 
        "fit": "average_SEM", 
        "value": 0.23778629501660664
    }, 
    "H2": {
        "error": 0.14445406136299974, 
        "fit": "average_SEM", 
        "value": -0.0052251011288414395
    }, 
    "L1": {
        "error": 0.27564714972014276, 
        "fit": "average_SEM", 
        "value": 0.1470328495061646
    }, 
    "L2": {
        "error": 0.13289993317379162, 
        "fit": "average_SEM", 
        "value": 0.2861085576315721
    }
}