{
    "AX": {
        "error": 0.0617914569657004, 
        "fit": "average_SEM", 
        "value": -0.02155400351485797
    }, 
    "CDD": {
        "error": 0.0001555313370967151, 
        "fit": "average_SEM", 
        "value": 0.0001438751971970002
    }, 
    "H1": {
        "error": 0.12604734589800454, 
        "fit": "average_SEM", 
        "value": 0.24279054111490647
    }, 
    "H2": {
        "error": 0.13078209672680108, 
        "fit": "average_SEM", 
        "value": -0.022272265831836394
    }, 
    "L1": {
        "error": 0.2598648180056694, 
        "fit": "average_SEM", 
        "value": 0.17739237518204998
    }, 
    "L2": {
        "error": 0.12097993379416704, 
        "fit": "average_SEM", 
        "value": 0.269213668236302
    }
}