{
    "AX": {
        "error": 0.054316267565432425, 
        "fit": "average_SEM", 
        "value": -0.022511849376314785
    }, 
    "CDD": {
        "error": 0.00016341947921970988, 
        "fit": "average_SEM", 
        "value": 0.00013694145244597976
    }, 
    "H1": {
        "error": 0.11414381673294724, 
        "fit": "average_SEM", 
        "value": 0.23883612675385343
    }, 
    "H2": {
        "error": 0.13414876584538776, 
        "fit": "average_SEM", 
        "value": -0.002864279248104948
    }, 
    "L1": {
        "error": 0.27453483653107696, 
        "fit": "average_SEM", 
        "value": 0.18313134291933642
    }, 
    "L2": {
        "error": 0.13311558834671433, 
        "fit": "average_SEM", 
        "value": 0.2845426427717838
    }
}