{
    "AX": {
        "error": 0.05860608531454349, 
        "fit": "average_SEM", 
        "value": -0.02641320084933088
    }, 
    "CDD": {
        "error": 0.00014037477725677703, 
        "fit": "average_SEM", 
        "value": 0.00011267334694922384
    }, 
    "H1": {
        "error": 0.11388436435545964, 
        "fit": "average_SEM", 
        "value": 0.24543005273573928
    }, 
    "H2": {
        "error": 0.14952074142204022, 
        "fit": "average_SEM", 
        "value": 0.0003042224587665664
    }, 
    "L1": {
        "error": 0.2725573657707851, 
        "fit": "average_SEM", 
        "value": 0.19841044167988003
    }, 
    "L2": {
        "error": 0.14055395765019843, 
        "fit": "average_SEM", 
        "value": 0.27510138698853553
    }
}