{
    "AX": {
        "error": 0.05464089283497647, 
        "fit": "average_SEM", 
        "value": -0.021808625836274586
    }, 
    "CDD": {
        "error": 0.00010768079988199293, 
        "fit": "average_SEM", 
        "value": 8.320493313173453e-05
    }, 
    "H1": {
        "error": 0.10788548112416432, 
        "fit": "average_SEM", 
        "value": 0.22635189734347577
    }, 
    "H2": {
        "error": 0.14336388705284567, 
        "fit": "average_SEM", 
        "value": 0.19585658034516706
    }, 
    "L1": {
        "error": 0.2861168592179311, 
        "fit": "average_SEM", 
        "value": 0.18434078133561546
    }, 
    "L2": {
        "error": 0.10905898766683891, 
        "fit": "average_SEM", 
        "value": 0.2631112543452117
    }
}