{
    "AX": {
        "error": 0.06151952668762864, 
        "fit": "average_SEM", 
        "value": -0.018270946307004324
    }, 
    "CDD": {
        "error": 0.00018890441985928088, 
        "fit": "average_SEM", 
        "value": 0.00020107858937181946
    }, 
    "H1": {
        "error": 0.12559097135824793, 
        "fit": "average_SEM", 
        "value": 0.22058176107449173
    }, 
    "H2": {
        "error": 0.14158545320028923, 
        "fit": "average_SEM", 
        "value": -0.0017074704364252588
    }, 
    "L1": {
        "error": 0.29771059029535485, 
        "fit": "average_SEM", 
        "value": 0.20171530835537446
    }, 
    "L2": {
        "error": 0.14239414580187262, 
        "fit": "average_SEM", 
        "value": 0.25895605789005965
    }
}