{
    "AX": {
        "error": 0.06039931575790252, 
        "fit": "average_SEM", 
        "value": -0.020528480210082814
    }, 
    "CDD": {
        "error": 0.00018202331430467798, 
        "fit": "average_SEM", 
        "value": 0.0001837442279793322
    }, 
    "H1": {
        "error": 0.13219798035790667, 
        "fit": "average_SEM", 
        "value": 0.23479541048614516
    }, 
    "H2": {
        "error": 0.15923567303224365, 
        "fit": "average_SEM", 
        "value": 0.011220726409697413
    }, 
    "L1": {
        "error": 0.2819957884590689, 
        "fit": "average_SEM", 
        "value": 0.19433398139145638
    }, 
    "L2": {
        "error": 0.13680319905647123, 
        "fit": "average_SEM", 
        "value": 0.26318656931527784
    }
}