{
    "AX": {
        "error": 0.051215158336420485, 
        "fit": "average_SEM", 
        "value": -0.022230519046934204
    }, 
    "CDD": {
        "error": 0.00011936423150620775, 
        "fit": "average_SEM", 
        "value": 0.00014040832465980201
    }, 
    "H1": {
        "error": 0.1354451463340183, 
        "fit": "average_SEM", 
        "value": 0.24097765307200866
    }, 
    "H2": {
        "error": 0.14504333449773085, 
        "fit": "average_SEM", 
        "value": 0.17753646591510105
    }, 
    "L1": {
        "error": 0.3047654523723689, 
        "fit": "average_SEM", 
        "value": 0.18352151728322497
    }, 
    "L2": {
        "error": 0.1321753031313764, 
        "fit": "average_SEM", 
        "value": 0.2545794932740844
    }
}