{
    "AX": {
        "error": 0.05979950294615926, 
        "fit": "average_SEM", 
        "value": -0.009970429844947325
    }, 
    "CDD": {
        "error": 0.00012337001165905456, 
        "fit": "average_SEM", 
        "value": 0.0001057396025215793
    }, 
    "H1": {
        "error": 0.1314375661935195, 
        "fit": "average_SEM", 
        "value": 0.22445325722090073
    }, 
    "H2": {
        "error": 0.15327473436456845, 
        "fit": "average_SEM", 
        "value": 0.19559005963771295
    }, 
    "L1": {
        "error": 0.2990912481673023, 
        "fit": "average_SEM", 
        "value": 0.18185453420091008
    }, 
    "L2": {
        "error": 0.1292657537744391, 
        "fit": "average_SEM", 
        "value": 0.26874824296683075
    }
}