{
    "AX": {
        "error": 0.06751899573001363, 
        "fit": "average_SEM", 
        "value": -0.014159213190173938
    }, 
    "CDD": {
        "error": 0.00015831962239705398, 
        "fit": "average_SEM", 
        "value": 0.00013694145276935563
    }, 
    "H1": {
        "error": 0.13475616502232343, 
        "fit": "average_SEM", 
        "value": 0.22763455589819287
    }, 
    "H2": {
        "error": 0.1401696529315088, 
        "fit": "average_SEM", 
        "value": 0.17633151036894157
    }, 
    "L1": {
        "error": 0.2980738308897669, 
        "fit": "average_SEM", 
        "value": 0.16645383381595213
    }, 
    "L2": {
        "error": 0.10681793129511685, 
        "fit": "average_SEM", 
        "value": 0.26463294838969076
    }
}