{
    "AX": {
        "error": 0.06076499005142207, 
        "fit": "average_SEM", 
        "value": -0.019568491488462313
    }, 
    "CDD": {
        "error": 0.00010892927397872758, 
        "fit": "average_SEM", 
        "value": 6.0670263741889765e-05
    }, 
    "H1": {
        "error": 0.12434757309457753, 
        "fit": "average_SEM", 
        "value": 0.2168634653783455
    }, 
    "H2": {
        "error": 0.14423377426070444, 
        "fit": "average_SEM", 
        "value": 0.16924135682897434
    }, 
    "L1": {
        "error": 0.3073099933232905, 
        "fit": "average_SEM", 
        "value": 0.15469996459885604
    }, 
    "L2": {
        "error": 0.12884746531702868, 
        "fit": "average_SEM", 
        "value": 0.26276440197446693
    }
}