{
    "AX": {
        "error": 0.06256981788500131, 
        "fit": "average_SEM", 
        "value": -0.02450604100789254
    }, 
    "CDD": {
        "error": 0.00011264562654015675, 
        "fit": "average_SEM", 
        "value": 8.320493313173453e-05
    }, 
    "H1": {
        "error": 0.11482708570279093, 
        "fit": "average_SEM", 
        "value": 0.21669147757088972
    }, 
    "H2": {
        "error": 0.13987474671016514, 
        "fit": "average_SEM", 
        "value": 0.17020232538796135
    }, 
    "L1": {
        "error": 0.3177605159720544, 
        "fit": "average_SEM", 
        "value": 0.1772787912024392
    }, 
    "L2": {
        "error": 0.1468696680190492, 
        "fit": "average_SEM", 
        "value": 0.25902203992397216
    }
}