{
    "AX": {
        "error": 0.0549109485629349, 
        "fit": "average_SEM", 
        "value": -0.019646356337600285
    }, 
    "CDD": {
        "error": 3.233056626034063e-05, 
        "fit": "average_SEM", 
        "value": 6.933744427644544e-06
    }, 
    "H1": {
        "error": 0.13383922266208, 
        "fit": "average_SEM", 
        "value": 0.20502698789350687
    }, 
    "H2": {
        "error": 0.14998014867893433, 
        "fit": "average_SEM", 
        "value": 0.14139674441216307
    }, 
    "L1": {
        "error": 0.34003517802154404, 
        "fit": "average_SEM", 
        "value": 0.13661411018628214
    }, 
    "L2": {
        "error": 0.12140614393655348, 
        "fit": "average_SEM", 
        "value": 0.2333754785462386
    }
}