{
    "AX": {
        "error": 0.06084539749340284, 
        "fit": "average_SEM", 
        "value": -0.023527661606203766
    }, 
    "CDD": {
        "error": 0.00012107033371698476, 
        "fit": "average_SEM", 
        "value": 9.360554977320135e-05
    }, 
    "H1": {
        "error": 0.11382554924261826, 
        "fit": "average_SEM", 
        "value": 0.09995592668225678
    }, 
    "H2": {
        "error": 0.13941951040686074, 
        "fit": "average_SEM", 
        "value": 0.09742912384422703
    }, 
    "L1": {
        "error": 0.3407628492344985, 
        "fit": "average_SEM", 
        "value": 0.0804726378293708
    }, 
    "L2": {
        "error": 0.12776961629903127, 
        "fit": "average_SEM", 
        "value": 0.13843747150644453
    }
}