{
    "AX": {
        "error": 0.057080657123578314, 
        "fit": "average_SEM", 
        "value": -0.0098173850011032
    }, 
    "CDD": {
        "error": 9.106172181125504e-05, 
        "fit": "average_SEM", 
        "value": 5.373651931424522e-05
    }, 
    "H1": {
        "error": 0.12964470000739914, 
        "fit": "average_SEM", 
        "value": 0.12921214480366972
    }, 
    "H2": {
        "error": 0.1270417464633802, 
        "fit": "average_SEM", 
        "value": 0.06909374596596334
    }, 
    "L1": {
        "error": 0.34139498048402633, 
        "fit": "average_SEM", 
        "value": 0.07189941836986691
    }, 
    "L2": {
        "error": 0.12997232747056145, 
        "fit": "average_SEM", 
        "value": 0.12191120251599286
    }
}