{
    "AX": {
        "error": 0.05618015652036199, 
        "fit": "average_SEM", 
        "value": -0.02229913464333448
    }, 
    "CDD": {
        "error": 3.233056626034064e-05, 
        "fit": "average_SEM", 
        "value": 6.933744427644544e-06
    }, 
    "H1": {
        "error": 0.11625676751670834, 
        "fit": "average_SEM", 
        "value": 0.17256930143210208
    }, 
    "H2": {
        "error": 0.12339769860204258, 
        "fit": "average_SEM", 
        "value": 0.11976094035595047
    }, 
    "L1": {
        "error": 0.3534209753755561, 
        "fit": "average_SEM", 
        "value": 0.1689117790309764
    }, 
    "L2": {
        "error": 0.12491152260274653, 
        "fit": "average_SEM", 
        "value": 0.21714036725461483
    }
}