{
    "AX": {
        "error": 0.0607723296588566, 
        "fit": "average_SEM", 
        "value": -0.01282994467280029
    }, 
    "CDD": {
        "error": 8.576922476072636e-05, 
        "fit": "average_SEM", 
        "value": 4.6802774886600676e-05
    }, 
    "H1": {
        "error": 0.13288366096419055, 
        "fit": "average_SEM", 
        "value": 0.11589194400520582
    }, 
    "H2": {
        "error": 0.13624449959822535, 
        "fit": "average_SEM", 
        "value": 0.1036780224881012
    }, 
    "L1": {
        "error": 0.3414105234249708, 
        "fit": "average_SEM", 
        "value": 0.10560303524964386
    }, 
    "L2": {
        "error": 0.14127770556546304, 
        "fit": "average_SEM", 
        "value": 0.13523366393055766
    }
}