{
    "AX": {
        "error": 0.06254135637254332, 
        "fit": "average_SEM", 
        "value": -0.018570171911010725
    }, 
    "CDD": {
        "error": 0.00012351770127098607, 
        "fit": "average_SEM", 
        "value": 9.187211366629021e-05
    }, 
    "H1": {
        "error": 0.13436489594332585, 
        "fit": "average_SEM", 
        "value": 0.10496845235207325
    }, 
    "H2": {
        "error": 0.1243519015207757, 
        "fit": "average_SEM", 
        "value": 0.054848758278078294
    }, 
    "L1": {
        "error": 0.32202312883361917, 
        "fit": "average_SEM", 
        "value": 0.05305965626612306
    }, 
    "L2": {
        "error": 0.12380138090784204, 
        "fit": "average_SEM", 
        "value": 0.09515303580556064
    }
}