{
    "AX": {
        "error": 0.0531394521718117, 
        "fit": "average_SEM", 
        "value": -0.004986053708449213
    }, 
    "CDD": {
        "error": 0.00010259425251040789, 
        "fit": "average_SEM", 
        "value": 7.627118870408998e-05
    }, 
    "H1": {
        "error": 0.13503369396693604, 
        "fit": "average_SEM", 
        "value": 0.05573845048331552
    }, 
    "H2": {
        "error": 0.11623781937376058, 
        "fit": "average_SEM", 
        "value": -0.16026058957084185
    }, 
    "L1": {
        "error": 0.33233696697819726, 
        "fit": "average_SEM", 
        "value": -0.007882732256419129
    }, 
    "L2": {
        "error": 0.12982591291437012, 
        "fit": "average_SEM", 
        "value": 0.06405313870248695
    }
}