{
    "AX": {
        "error": 0.05974865208886967, 
        "fit": "average_SEM", 
        "value": -0.005700164098299057
    }, 
    "CDD": {
        "error": 0.00011228087989488487, 
        "fit": "average_SEM", 
        "value": 8.840524145246794e-05
    }, 
    "H1": {
        "error": 0.11677348652114501, 
        "fit": "average_SEM", 
        "value": 0.0809624426636017
    }, 
    "H2": {
        "error": 0.1219720059237898, 
        "fit": "average_SEM", 
        "value": -0.1492527849247886
    }, 
    "L1": {
        "error": 0.31203363424134445, 
        "fit": "average_SEM", 
        "value": -0.019118700036779047
    }, 
    "L2": {
        "error": 0.12717138197324307, 
        "fit": "average_SEM", 
        "value": 0.06648691644012514
    }
}