{
    "AX": {
        "error": 0.06112123535568035, 
        "fit": "average_SEM", 
        "value": -0.008116841668702869
    }, 
    "CDD": {
        "error": 9.36931544248258e-05, 
        "fit": "average_SEM", 
        "value": 6.76040081695343e-05
    }, 
    "H1": {
        "error": 0.12328565903187615, 
        "fit": "average_SEM", 
        "value": 0.09108731031770326
    }, 
    "H2": {
        "error": 0.11304078364092619, 
        "fit": "average_SEM", 
        "value": -0.14479156099259854
    }, 
    "L1": {
        "error": 0.29504431905879724, 
        "fit": "average_SEM", 
        "value": -0.038668454332380656
    }, 
    "L2": {
        "error": 0.1297436207244174, 
        "fit": "average_SEM", 
        "value": 0.07549075938295573
    }
}