{
    "AX": {
        "error": 0.05624347743069553, 
        "fit": "average_SEM", 
        "value": -0.014749694272824045
    }, 
    "CDD": {
        "error": 0.00013548415523926806, 
        "fit": "average_SEM", 
        "value": 0.00013347458023215748
    }, 
    "H1": {
        "error": 0.1309853385586709, 
        "fit": "average_SEM", 
        "value": 0.10124899215944526
    }, 
    "H2": {
        "error": 0.11259608292194576, 
        "fit": "average_SEM", 
        "value": -0.1515180798764858
    }, 
    "L1": {
        "error": 0.1654582648119481, 
        "fit": "average_SEM", 
        "value": -0.18915708074346185
    }, 
    "L2": {
        "error": 0.12080081009067051, 
        "fit": "average_SEM", 
        "value": 0.0709459822877155
    }
}