{
    "AX": {
        "error": 0.05940851411661137, 
        "fit": "average_SEM", 
        "value": -0.011496349612975286
    }, 
    "CDD": {
        "error": 0.00016643177748594095, 
        "fit": "average_SEM", 
        "value": 0.00014214176109008904
    }, 
    "H1": {
        "error": 0.12665026789723763, 
        "fit": "average_SEM", 
        "value": 0.07558739211203323
    }, 
    "H2": {
        "error": 0.1307325130263613, 
        "fit": "average_SEM", 
        "value": -0.1841925321185651
    }, 
    "L1": {
        "error": 0.2507142918322163, 
        "fit": "average_SEM", 
        "value": 0.15889994798021184
    }, 
    "L2": {
        "error": 0.14023081404240295, 
        "fit": "average_SEM", 
        "value": 0.05209715780802071
    }
}