{
    "AX": {
        "error": 0.05375202996101651, 
        "fit": "average_SEM", 
        "value": -0.008897101899169178
    }, 
    "CDD": {
        "error": 0.0001445446506935294, 
        "fit": "average_SEM", 
        "value": 0.0001352080163390686
    }, 
    "H1": {
        "error": 0.12722040455463013, 
        "fit": "average_SEM", 
        "value": 0.07746387074843773
    }, 
    "H2": {
        "error": 0.12350802133125967, 
        "fit": "average_SEM", 
        "value": -0.14220102107566263
    }, 
    "L1": {
        "error": 0.16067627557427686, 
        "fit": "average_SEM", 
        "value": -0.21327975052667575
    }, 
    "L2": {
        "error": 0.11883902692424113, 
        "fit": "average_SEM", 
        "value": 0.09223352870386507
    }
}