{
    "AX": {
        "error": 0.05771021557548589, 
        "fit": "average_SEM", 
        "value": -0.01693024489666439
    }, 
    "CDD": {
        "error": 0.00018038837620691468, 
        "fit": "average_SEM", 
        "value": 0.00018894453565331383
    }, 
    "H1": {
        "error": 0.1333513018216515, 
        "fit": "average_SEM", 
        "value": 0.08207681199160612
    }, 
    "H2": {
        "error": 0.1238982145438977, 
        "fit": "average_SEM", 
        "value": -0.14090062230696074
    }, 
    "L1": {
        "error": 0.185330409143244, 
        "fit": "average_SEM", 
        "value": -0.1500958756634241
    }, 
    "L2": {
        "error": 0.13943082006163496, 
        "fit": "average_SEM", 
        "value": 0.07005887608312251
    }
}