{
    "AX": {
        "error": 0.052330256652210326, 
        "fit": "average_SEM", 
        "value": -0.015211491256357275
    }, 
    "CDD": {
        "error": 0.0001162170835231666, 
        "fit": "average_SEM", 
        "value": 9.533898588011248e-05
    }, 
    "H1": {
        "error": 0.12928514299545588, 
        "fit": "average_SEM", 
        "value": 0.059104460938316256
    }, 
    "H2": {
        "error": 0.11541206871830263, 
        "fit": "average_SEM", 
        "value": -0.1532701531218158
    }, 
    "L1": {
        "error": 0.2735993651854186, 
        "fit": "average_SEM", 
        "value": 0.08677740944549442
    }, 
    "L2": {
        "error": 0.14036319070673167, 
        "fit": "average_SEM", 
        "value": 0.04656643674922331
    }
}