{
    "AX": {
        "error": 0.056971156956512725, 
        "fit": "average_SEM", 
        "value": -0.012117327071933283
    }, 
    "CDD": {
        "error": 0.0001103014252911871, 
        "fit": "average_SEM", 
        "value": 7.973806091791226e-05
    }, 
    "H1": {
        "error": 0.11805120234798983, 
        "fit": "average_SEM", 
        "value": 0.06350779210463063
    }, 
    "H2": {
        "error": 0.12347432164433435, 
        "fit": "average_SEM", 
        "value": -0.16517526394066712
    }, 
    "L1": {
        "error": 0.2979044044816907, 
        "fit": "average_SEM", 
        "value": 0.12900809758866671
    }, 
    "L2": {
        "error": 0.1364485530074777, 
        "fit": "average_SEM", 
        "value": 0.04607576689579421
    }
}