{
    "AX": {
        "error": 0.059108141242756915, 
        "fit": "average_SEM", 
        "value": -0.009782531932513747
    }, 
    "CDD": {
        "error": 0.0001856267740253486, 
        "fit": "average_SEM", 
        "value": 0.00020801233282933632
    }, 
    "H1": {
        "error": 0.11091417468735004, 
        "fit": "average_SEM", 
        "value": 0.0707934600663268
    }, 
    "H2": {
        "error": 0.11358677031986862, 
        "fit": "average_SEM", 
        "value": -0.1765592580350737
    }, 
    "L1": {
        "error": 0.29473817025981086, 
        "fit": "average_SEM", 
        "value": 0.056172552179648644
    }, 
    "L2": {
        "error": 0.13159922414450276, 
        "fit": "average_SEM", 
        "value": 0.03137313732861205
    }
}