{
    "AX": {
        "error": 0.05471692906310474, 
        "fit": "average_SEM", 
        "value": -0.006914771859333591
    }, 
    "CDD": {
        "error": 0.00010673130492103744, 
        "fit": "average_SEM", 
        "value": 5.026964742379884e-05
    }, 
    "H1": {
        "error": 0.11163787377262437, 
        "fit": "average_SEM", 
        "value": 0.06472754875818888
    }, 
    "H2": {
        "error": 0.11934975585718147, 
        "fit": "average_SEM", 
        "value": -0.17429065578099753
    }, 
    "L1": {
        "error": 0.24780007236318652, 
        "fit": "average_SEM", 
        "value": 0.09667225714785875
    }, 
    "L2": {
        "error": 0.1470353084765845, 
        "fit": "average_SEM", 
        "value": 0.06089276484886391
    }
}