{
    "AX": {
        "error": 0.062136073875804776, 
        "fit": "average_SEM", 
        "value": -0.006814413555225151
    }, 
    "CDD": {
        "error": 0.00010745481684197048, 
        "fit": "average_SEM", 
        "value": 8.66718053455568e-05
    }, 
    "H1": {
        "error": 0.1253404253688577, 
        "fit": "average_SEM", 
        "value": 0.08009373631284689
    }, 
    "H2": {
        "error": 0.11853705660978378, 
        "fit": "average_SEM", 
        "value": -0.14553758739493788
    }, 
    "L1": {
        "error": 0.2415762955992795, 
        "fit": "average_SEM", 
        "value": 0.054969563276972624
    }, 
    "L2": {
        "error": 0.1362571198832116, 
        "fit": "average_SEM", 
        "value": 0.06180715694661355
    }
}