{
    "AX": {
        "error": 0.056696452113773534, 
        "fit": "average_SEM", 
        "value": -0.01283907020228475
    }, 
    "CDD": {
        "error": 0.00010522605146002899, 
        "fit": "average_SEM", 
        "value": 7.627118870408998e-05
    }, 
    "H1": {
        "error": 0.12764768803729004, 
        "fit": "average_SEM", 
        "value": 0.07363027047184813
    }, 
    "H2": {
        "error": 0.10684615068673045, 
        "fit": "average_SEM", 
        "value": -0.16675183903943333
    }, 
    "L1": {
        "error": 0.23109342608203381, 
        "fit": "average_SEM", 
        "value": 0.02846288560087689
    }, 
    "L2": {
        "error": 0.13069065671561847, 
        "fit": "average_SEM", 
        "value": 0.03843284264148679
    }
}