{
    "AX": {
        "error": 0.05391667387311392, 
        "fit": "average_SEM", 
        "value": -0.026748455853440746
    }, 
    "CDD": {
        "error": 0.00013321113035253662, 
        "fit": "average_SEM", 
        "value": 0.0001386748885528909
    }, 
    "H1": {
        "error": 0.133283510760684, 
        "fit": "average_SEM", 
        "value": 0.0404131554118875
    }, 
    "H2": {
        "error": 0.1305086769222386, 
        "fit": "average_SEM", 
        "value": -0.14852785273299862
    }, 
    "L1": {
        "error": 0.2433137380488573, 
        "fit": "average_SEM", 
        "value": 0.046177318710316384
    }, 
    "L2": {
        "error": 0.11916039383275993, 
        "fit": "average_SEM", 
        "value": 0.05670918466106135
    }
}