{
    "AX": {
        "error": 0.058297665813998645, 
        "fit": "average_SEM", 
        "value": -0.01039985527879455
    }, 
    "CDD": {
        "error": 0.0001550911393310356, 
        "fit": "average_SEM", 
        "value": 0.00015254237773155586
    }, 
    "H1": {
        "error": 0.11557422505002544, 
        "fit": "average_SEM", 
        "value": 0.08091535990436872
    }, 
    "H2": {
        "error": 0.13245799757975654, 
        "fit": "average_SEM", 
        "value": -0.1810952137198506
    }, 
    "L1": {
        "error": 0.2254817114217866, 
        "fit": "average_SEM", 
        "value": 0.06957230368279851
    }, 
    "L2": {
        "error": 0.13411268772514584, 
        "fit": "average_SEM", 
        "value": 0.022335637481107066
    }
}