{
    "AX": {
        "error": 0.05672185222627964, 
        "fit": "average_SEM", 
        "value": -0.01785765872595625
    }, 
    "CDD": {
        "error": 0.00011371948901593953, 
        "fit": "average_SEM", 
        "value": 0.00010747303862849044
    }, 
    "H1": {
        "error": 0.11212824027015397, 
        "fit": "average_SEM", 
        "value": 0.06677089467799911
    }, 
    "H2": {
        "error": 0.12784802016600214, 
        "fit": "average_SEM", 
        "value": -0.1565651376421253
    }, 
    "L1": {
        "error": 0.24974190240943106, 
        "fit": "average_SEM", 
        "value": 0.022112506110635068
    }, 
    "L2": {
        "error": 0.1116523915542201, 
        "fit": "average_SEM", 
        "value": 0.033184805393264266
    }
}