{
    "AX": {
        "error": 0.052239775595526776, 
        "fit": "average_SEM", 
        "value": -0.011350748011480189
    }, 
    "CDD": {
        "error": 0.00014712824186648323, 
        "fit": "average_SEM", 
        "value": 0.00012827427191142407
    }, 
    "H1": {
        "error": 0.12017639277266806, 
        "fit": "average_SEM", 
        "value": 0.07130307766686504
    }, 
    "H2": {
        "error": 0.11886865802886136, 
        "fit": "average_SEM", 
        "value": -0.1929608276527789
    }, 
    "L1": {
        "error": 0.2504296400321487, 
        "fit": "average_SEM", 
        "value": 0.07712556555246314
    }, 
    "L2": {
        "error": 0.1358454594152117, 
        "fit": "average_SEM", 
        "value": 0.014440969646804863
    }
}