{
    "AX": {
        "error": 0.05139099875865897, 
        "fit": "average_SEM", 
        "value": -0.01578307466596824
    }, 
    "CDD": {
        "error": 0.00015672823483911725, 
        "fit": "average_SEM", 
        "value": 0.00018027735511875814
    }, 
    "H1": {
        "error": 0.11712941538301525, 
        "fit": "average_SEM", 
        "value": 0.0848796215089452
    }, 
    "H2": {
        "error": 0.12365507508409389, 
        "fit": "average_SEM", 
        "value": -0.17343933065939282
    }, 
    "L1": {
        "error": 0.2495732203598097, 
        "fit": "average_SEM", 
        "value": 0.057022896983350314
    }, 
    "L2": {
        "error": 0.12674935813225566, 
        "fit": "average_SEM", 
        "value": 0.018328451794675654
    }
}