{
    "AX": {
        "error": 0.048410194072763875, 
        "fit": "average_SEM", 
        "value": -0.014581814132786046
    }, 
    "CDD": {
        "error": 0.00010575891792161693, 
        "fit": "average_SEM", 
        "value": 5.720339152806749e-05
    }, 
    "H1": {
        "error": 0.1238169984741992, 
        "fit": "average_SEM", 
        "value": 0.06238057774478673
    }, 
    "H2": {
        "error": 0.11357262965432209, 
        "fit": "average_SEM", 
        "value": -0.1804880942269746
    }, 
    "L1": {
        "error": 0.26578931832334085, 
        "fit": "average_SEM", 
        "value": 0.057472792813657886
    }, 
    "L2": {
        "error": 0.13443585303931102, 
        "fit": "average_SEM", 
        "value": 0.03051317725265916
    }
}