{
    "AX": {
        "error": 0.05396882130977391, 
        "fit": "average_SEM", 
        "value": -0.003554921814550956
    }, 
    "CDD": {
        "error": 0.00010487896073494479, 
        "fit": "average_SEM", 
        "value": 8.66718053455568e-05
    }, 
    "H1": {
        "error": 0.12024180659308652, 
        "fit": "average_SEM", 
        "value": 0.04175713898601114
    }, 
    "H2": {
        "error": 0.12908901521879482, 
        "fit": "average_SEM", 
        "value": -0.1620888152366711
    }, 
    "L1": {
        "error": 0.21121848682776653, 
        "fit": "average_SEM", 
        "value": 0.04360704941338756
    }, 
    "L2": {
        "error": 0.1349783216863293, 
        "fit": "average_SEM", 
        "value": 0.02185381673819696
    }
}