{
    "AX": {
        "error": 0.06133555598779165, 
        "fit": "average_SEM", 
        "value": -0.004831252596987825
    }, 
    "CDD": {
        "error": 0.00012197049729103258, 
        "fit": "average_SEM", 
        "value": 8.320493313173453e-05
    }, 
    "H1": {
        "error": 0.11358805966179328, 
        "fit": "average_SEM", 
        "value": 0.07337168890517205
    }, 
    "H2": {
        "error": 0.12481349677502657, 
        "fit": "average_SEM", 
        "value": -0.15750268189650443
    }, 
    "L1": {
        "error": 0.2211938018711356, 
        "fit": "average_SEM", 
        "value": 0.07873858703921238
    }, 
    "L2": {
        "error": 0.1362922424122498, 
        "fit": "average_SEM", 
        "value": 0.07117370239801757
    }
}