{
    "AX": {
        "error": 0.0704085175399591, 
        "fit": "average_SEM", 
        "value": -0.015095035872299276
    }, 
    "CDD": {
        "error": 0.00011750416245548631, 
        "fit": "average_SEM", 
        "value": 7.627118870408998e-05
    }, 
    "H1": {
        "error": 0.12033290023286036, 
        "fit": "average_SEM", 
        "value": 0.05974487891297839
    }, 
    "H2": {
        "error": 0.13437378012927204, 
        "fit": "average_SEM", 
        "value": -0.1752816965493063
    }, 
    "L1": {
        "error": 0.24595356948260094, 
        "fit": "average_SEM", 
        "value": 0.02639729727525264
    }, 
    "L2": {
        "error": 0.11044330372541371, 
        "fit": "average_SEM", 
        "value": 0.010334568134405546
    }
}