{
    "AX": {
        "error": 0.047971658254801, 
        "fit": "average_SEM", 
        "value": -0.016516525371116586
    }, 
    "CDD": {
        "error": 0.00017369481241588877, 
        "fit": "average_SEM", 
        "value": 0.00020974576925962335
    }, 
    "H1": {
        "error": 0.12517496295038397, 
        "fit": "average_SEM", 
        "value": 0.12465137335368329
    }, 
    "H2": {
        "error": 0.11527685184145152, 
        "fit": "average_SEM", 
        "value": -0.13935116806274486
    }, 
    "L1": {
        "error": 0.24931921515684735, 
        "fit": "average_SEM", 
        "value": 0.042549820575449204
    }, 
    "L2": {
        "error": 0.1148192320148237, 
        "fit": "average_SEM", 
        "value": 0.049943604449638065
    }
}