{
    "AX": {
        "error": 0.05807242181249992, 
        "fit": "average_SEM", 
        "value": -0.015990131486776388
    }, 
    "CDD": {
        "error": 0.00017379974474641312, 
        "fit": "average_SEM", 
        "value": 0.00014387519752037607
    }, 
    "H1": {
        "error": 0.1348720162328839, 
        "fit": "average_SEM", 
        "value": 0.10873448722801791
    }, 
    "H2": {
        "error": 0.12832940122099407, 
        "fit": "average_SEM", 
        "value": -0.15169771696285655
    }, 
    "L1": {
        "error": 0.27623310626877995, 
        "fit": "average_SEM", 
        "value": 0.05708553821055425
    }, 
    "L2": {
        "error": 0.11952782395218015, 
        "fit": "average_SEM", 
        "value": 0.08273722250531945
    }
}