{
    "AX": {
        "error": 0.05900543711597501, 
        "fit": "average_SEM", 
        "value": -0.014313790048213882
    }, 
    "CDD": {
        "error": 0.00018628854932733796, 
        "fit": "average_SEM", 
        "value": 0.00016120955858948743
    }, 
    "H1": {
        "error": 0.12031812533638687, 
        "fit": "average_SEM", 
        "value": 0.0947146394251225
    }, 
    "H2": {
        "error": 0.11663398609475813, 
        "fit": "average_SEM", 
        "value": -0.147760081743925
    }, 
    "L1": {
        "error": 0.23015941077589883, 
        "fit": "average_SEM", 
        "value": 0.07255632478692052
    }, 
    "L2": {
        "error": 0.1315197517398737, 
        "fit": "average_SEM", 
        "value": 0.07161984766005641
    }
}