{
    "AX": {
        "error": 0.06363172683514347, 
        "fit": "average_SEM", 
        "value": -0.027092351239278084
    }, 
    "CDD": {
        "error": 0.00013796215338974924, 
        "fit": "average_SEM", 
        "value": 9.360554977320135e-05
    }, 
    "H1": {
        "error": 0.1133992774733915, 
        "fit": "average_SEM", 
        "value": 0.10085954829256581
    }, 
    "H2": {
        "error": 0.12542615236401375, 
        "fit": "average_SEM", 
        "value": -0.13997468839451258
    }, 
    "L1": {
        "error": 0.26052919613132347, 
        "fit": "average_SEM", 
        "value": 0.08767201002531995
    }, 
    "L2": {
        "error": 0.12734768110979283, 
        "fit": "average_SEM", 
        "value": 0.06216315013459987
    }
}