{
    "AX": {
        "error": 0.05677242427413091, 
        "fit": "average_SEM", 
        "value": -0.013419743913820842
    }, 
    "CDD": {
        "error": 0.00014970783985984653, 
        "fit": "average_SEM", 
        "value": 0.00015947612183582453
    }, 
    "H1": {
        "error": 0.12653353229004702, 
        "fit": "average_SEM", 
        "value": 0.10362300007448842
    }, 
    "H2": {
        "error": 0.13352590484375135, 
        "fit": "average_SEM", 
        "value": -0.12832370868677068
    }, 
    "L1": {
        "error": 0.26363422192078123, 
        "fit": "average_SEM", 
        "value": 0.08630495125220881
    }, 
    "L2": {
        "error": 0.12301748769429983, 
        "fit": "average_SEM", 
        "value": 0.07831255429320866
    }
}