{
    "AX": {
        "error": 0.05635643813558657, 
        "fit": "average_SEM", 
        "value": -0.023502443166863587
    }, 
    "CDD": {
        "error": 0.00012629099430139335, 
        "fit": "average_SEM", 
        "value": 8.493836956202156e-05
    }, 
    "H1": {
        "error": 0.1152567431263292, 
        "fit": "average_SEM", 
        "value": 0.11912371766650015
    }, 
    "H2": {
        "error": 0.11845093911832995, 
        "fit": "average_SEM", 
        "value": -0.12623669544959235
    }, 
    "L1": {
        "error": 0.28746290821613385, 
        "fit": "average_SEM", 
        "value": 0.17998331090331907
    }, 
    "L2": {
        "error": 0.1273553713471696, 
        "fit": "average_SEM", 
        "value": 0.11057873506926828
    }
}