{
    "AX": {
        "error": 0.05479616112445828, 
        "fit": "average_SEM", 
        "value": -0.01597811692627147
    }, 
    "CDD": {
        "error": 9.250184928125356e-05, 
        "fit": "average_SEM", 
        "value": 4.853621099351181e-05
    }, 
    "H1": {
        "error": 0.13672056283531345, 
        "fit": "average_SEM", 
        "value": 0.09797934149585975
    }, 
    "H2": {
        "error": 0.12826045318816373, 
        "fit": "average_SEM", 
        "value": -0.12740628842988777
    }, 
    "L1": {
        "error": 0.2778749549242707, 
        "fit": "average_SEM", 
        "value": 0.08083733419965332
    }, 
    "L2": {
        "error": 0.14487514600371915, 
        "fit": "average_SEM", 
        "value": 0.09300573131379981
    }
}