{
    "AX": {
        "error": 0.057077466716520864, 
        "fit": "average_SEM", 
        "value": -0.00759095506897817
    }, 
    "CDD": {
        "error": 0.00011504772242997162, 
        "fit": "average_SEM", 
        "value": 8.320493313173453e-05
    }, 
    "H1": {
        "error": 0.11736907753353061, 
        "fit": "average_SEM", 
        "value": 0.08903021479620495
    }, 
    "H2": {
        "error": 0.13277999293375412, 
        "fit": "average_SEM", 
        "value": -0.13621741386337413
    }, 
    "L1": {
        "error": 0.2910298787340124, 
        "fit": "average_SEM", 
        "value": 0.12160490830170198
    }, 
    "L2": {
        "error": 0.12959035996811571, 
        "fit": "average_SEM", 
        "value": 0.05491786298290309
    }
}