{
    "AX": {
        "error": 0.05928648968221916, 
        "fit": "average_SEM", 
        "value": -0.012604488142662578
    }, 
    "CDD": {
        "error": 0.00013155855062914397, 
        "fit": "average_SEM", 
        "value": 0.00010747303862849044
    }, 
    "H1": {
        "error": 0.12096659147585245, 
        "fit": "average_SEM", 
        "value": 0.13302796974053813
    }, 
    "H2": {
        "error": 0.11524808851984035, 
        "fit": "average_SEM", 
        "value": 0.09894636973686931
    }, 
    "L1": {
        "error": 0.3126186092444564, 
        "fit": "average_SEM", 
        "value": 0.08624334315148492
    }, 
    "L2": {
        "error": 0.11984215748942127, 
        "fit": "average_SEM", 
        "value": 0.13149275179797162
    }
}