{
    "AX": {
        "error": 0.062331585249607684, 
        "fit": "average_SEM", 
        "value": -0.016403782059852448
    }, 
    "CDD": {
        "error": 0.00012875712498100933, 
        "fit": "average_SEM", 
        "value": 0.00010053929420084589
    }, 
    "H1": {
        "error": 0.1137744855251515, 
        "fit": "average_SEM", 
        "value": 0.1446605311266871
    }, 
    "H2": {
        "error": 0.12919310624740435, 
        "fit": "average_SEM", 
        "value": 0.09606098647410465
    }, 
    "L1": {
        "error": 0.14262276615300087, 
        "fit": "average_SEM", 
        "value": -0.1591839979713162
    }, 
    "L2": {
        "error": 0.14930712180753644, 
        "fit": "average_SEM", 
        "value": 0.12767500246441665
    }
}