{
    "AX": {
        "error": 0.05931820375158698, 
        "fit": "average_SEM", 
        "value": -0.021798528001333275
    }, 
    "CDD": {
        "error": 0.00011516651205627774, 
        "fit": "average_SEM", 
        "value": 7.800462481100112e-05
    }, 
    "H1": {
        "error": 0.11233952729661263, 
        "fit": "average_SEM", 
        "value": 0.14273167262888617
    }, 
    "H2": {
        "error": 0.12754861775036463, 
        "fit": "average_SEM", 
        "value": 0.09581562298634606
    }, 
    "L1": {
        "error": 0.2946611524763678, 
        "fit": "average_SEM", 
        "value": 0.04466753595301674
    }, 
    "L2": {
        "error": 0.10762262170187636, 
        "fit": "average_SEM", 
        "value": 0.14495919927592493
    }
}