{
    "AX": {
        "error": 0.06508367918149255, 
        "fit": "average_SEM", 
        "value": -0.017427448034868575
    }, 
    "CDD": {
        "error": 0.0001260501627772275, 
        "fit": "average_SEM", 
        "value": 0.00011960709137686839
    }, 
    "H1": {
        "error": 0.12087257334281327, 
        "fit": "average_SEM", 
        "value": 0.1577463451721188
    }, 
    "H2": {
        "error": 0.09560834829827249, 
        "fit": "average_SEM", 
        "value": 0.12226902864252527
    }, 
    "L1": {
        "error": 0.327020709303742, 
        "fit": "average_SEM", 
        "value": 0.09333130290938749
    }, 
    "L2": {
        "error": 0.11500889979515465, 
        "fit": "average_SEM", 
        "value": 0.15051401673505704
    }
}