{
    "AX": {
        "error": 0.058506258797722324, 
        "fit": "average_SEM", 
        "value": -0.015596699653219224
    }, 
    "CDD": {
        "error": 0.00010247571491737517, 
        "fit": "average_SEM", 
        "value": 7.280431649026771e-05
    }, 
    "H1": {
        "error": 0.12025065596035833, 
        "fit": "average_SEM", 
        "value": 0.15270213073947364
    }, 
    "H2": {
        "error": 0.12387636661789073, 
        "fit": "average_SEM", 
        "value": 0.12183400091404716
    }, 
    "L1": {
        "error": 0.3330524435776918, 
        "fit": "average_SEM", 
        "value": 0.12202361367073739
    }, 
    "L2": {
        "error": 0.1612627482234753, 
        "fit": "average_SEM", 
        "value": 0.1788133242684934
    }
}