{
    "AX": {
        "error": 0.05118689329705773, 
        "fit": "average_SEM", 
        "value": -0.019512425167744773
    }, 
    "CDD": {
        "error": 0.0001220327620851698, 
        "fit": "average_SEM", 
        "value": 8.147149702482339e-05
    }, 
    "H1": {
        "error": 0.1159912224101753, 
        "fit": "average_SEM", 
        "value": 0.17079701010758677
    }, 
    "H2": {
        "error": 0.13781756315646898, 
        "fit": "average_SEM", 
        "value": 0.12350876219829338
    }, 
    "L1": {
        "error": 0.34031413053708504, 
        "fit": "average_SEM", 
        "value": 0.09030665769759151
    }, 
    "L2": {
        "error": 0.13895762651333915, 
        "fit": "average_SEM", 
        "value": 0.16241132172548936
    }
}