{
    "AX": {
        "error": 0.058900031895416594, 
        "fit": "average_SEM", 
        "value": -0.01672028222043688
    }, 
    "CDD": {
        "error": 9.296059311154067e-05, 
        "fit": "average_SEM", 
        "value": 6.240369984880089e-05
    }, 
    "H1": {
        "error": 0.12704986362569934, 
        "fit": "average_SEM", 
        "value": 0.1540422512166616
    }, 
    "H2": {
        "error": 0.1264351465574118, 
        "fit": "average_SEM", 
        "value": 0.11311049257249882
    }, 
    "L1": {
        "error": 0.34197729542597755, 
        "fit": "average_SEM", 
        "value": 0.07899801683508688
    }, 
    "L2": {
        "error": 0.11803377010778475, 
        "fit": "average_SEM", 
        "value": 0.19298329366784955
    }
}