{
    "AX": {
        "error": 0.051169195187144176, 
        "fit": "average_SEM", 
        "value": -0.009936642569826088
    }, 
    "CDD": {
        "error": 8.20576297170916e-05, 
        "fit": "average_SEM", 
        "value": 3.813559435204499e-05
    }, 
    "H1": {
        "error": 0.11917817744904305, 
        "fit": "average_SEM", 
        "value": 0.15734579182858902
    }, 
    "H2": {
        "error": 0.12198646771542514, 
        "fit": "average_SEM", 
        "value": 0.10641594312102017
    }, 
    "L1": {
        "error": 0.33766762769465725, 
        "fit": "average_SEM", 
        "value": 0.09482016081973496
    }, 
    "L2": {
        "error": 0.1417568393013852, 
        "fit": "average_SEM", 
        "value": 0.1576798150367621
    }
}