{
    "AX": {
        "error": 0.053094510191333384, 
        "fit": "average_SEM", 
        "value": -0.00969049804455911
    }, 
    "CDD": {
        "error": 7.600202230081436e-05, 
        "fit": "average_SEM", 
        "value": 3.986903045895613e-05
    }, 
    "H1": {
        "error": 0.08778757462794441, 
        "fit": "average_SEM", 
        "value": 0.16582164457067847
    }, 
    "H2": {
        "error": 0.12247198859907407, 
        "fit": "average_SEM", 
        "value": 0.11210651924937136
    }, 
    "L1": {
        "error": 0.3369769151278397, 
        "fit": "average_SEM", 
        "value": 0.12084610413552986
    }, 
    "L2": {
        "error": 0.13718249291130938, 
        "fit": "average_SEM", 
        "value": 0.1878556439653039
    }
}