{
    "AX": {
        "error": 0.054672124280871454, 
        "fit": "average_SEM", 
        "value": -0.01464840867297931
    }, 
    "CDD": {
        "error": 9.730447514520578e-05, 
        "fit": "average_SEM", 
        "value": 5.5469955421156355e-05
    }, 
    "H1": {
        "error": 0.11499111324289508, 
        "fit": "average_SEM", 
        "value": 0.15021074612870708
    }, 
    "H2": {
        "error": 0.13387105752289621, 
        "fit": "average_SEM", 
        "value": 0.13234519219905552
    }, 
    "L1": {
        "error": 0.3498288295892891, 
        "fit": "average_SEM", 
        "value": 0.09717862243867582
    }, 
    "L2": {
        "error": 0.1196947880075156, 
        "fit": "average_SEM", 
        "value": 0.1800693855724401
    }
}