{
    "AX": {
        "error": 0.05521869149617024, 
        "fit": "average_SEM", 
        "value": -0.02092081010681189
    }, 
    "CDD": {
        "error": 0.0001610973714539321, 
        "fit": "average_SEM", 
        "value": 0.00015080894162464474
    }, 
    "H1": {
        "error": 0.10090008232091575, 
        "fit": "average_SEM", 
        "value": 0.18613027982452574
    }, 
    "H2": {
        "error": 0.1337332034293035, 
        "fit": "average_SEM", 
        "value": 0.1279476306711634
    }, 
    "L1": {
        "error": 0.3015068340775572, 
        "fit": "average_SEM", 
        "value": 0.10986951671835009
    }, 
    "L2": {
        "error": 0.12140222445570571, 
        "fit": "average_SEM", 
        "value": 0.17839720224340758
    }
}