{
    "AX": {
        "error": 0.05618897259484186, 
        "fit": "average_SEM", 
        "value": -0.022848847223212943
    }, 
    "CDD": {
        "error": 0.00010550478124166836, 
        "fit": "average_SEM", 
        "value": 7.540447065063442e-05
    }, 
    "H1": {
        "error": 0.12282437889510067, 
        "fit": "average_SEM", 
        "value": 0.16717764031297216
    }, 
    "H2": {
        "error": 0.12464273520082045, 
        "fit": "average_SEM", 
        "value": -0.06590528258238919
    }, 
    "L1": {
        "error": 0.25028031552644786, 
        "fit": "average_SEM", 
        "value": 0.1888559854744623
    }, 
    "L2": {
        "error": 0.14429948022363484, 
        "fit": "average_SEM", 
        "value": 0.1799134644990166
    }
}