{
    "AX": {
        "error": 0.049576408634659466, 
        "fit": "average_SEM", 
        "value": -0.014814918805495837
    }, 
    "CDD": {
        "error": 0.00013002533498716656, 
        "fit": "average_SEM", 
        "value": 0.00010660632057503486
    }, 
    "H1": {
        "error": 0.13534548711933395, 
        "fit": "average_SEM", 
        "value": 0.1851073276872436
    }, 
    "H2": {
        "error": 0.12486437017570266, 
        "fit": "average_SEM", 
        "value": -0.06932845890211563
    }, 
    "L1": {
        "error": 0.26456593375366, 
        "fit": "average_SEM", 
        "value": 0.16794311343692242
    }, 
    "L2": {
        "error": 0.1140591284267027, 
        "fit": "average_SEM", 
        "value": 0.19842847234103828
    }
}