{
    "AX": {
        "error": 0.05511365879509659, 
        "fit": "average_SEM", 
        "value": -0.021727660507167457
    }, 
    "CDD": {
        "error": 0.00012013095684570735, 
        "fit": "average_SEM", 
        "value": 8.060477897136783e-05
    }, 
    "H1": {
        "error": 0.11849503018903357, 
        "fit": "average_SEM", 
        "value": 0.18163496518197159
    }, 
    "H2": {
        "error": 0.1275293311345315, 
        "fit": "average_SEM", 
        "value": -0.06954908820819886
    }, 
    "L1": {
        "error": 0.2440424374214462, 
        "fit": "average_SEM", 
        "value": 0.1569195324011768
    }, 
    "L2": {
        "error": 0.1277310304496811, 
        "fit": "average_SEM", 
        "value": 0.1919816418706129
    }
}