{
    "AX": {
        "error": 0.05017998559206679, 
        "fit": "average_SEM", 
        "value": -0.014087161315061773
    }, 
    "CDD": {
        "error": 0.00016622935512091973, 
        "fit": "average_SEM", 
        "value": 0.00015860940378236894
    }, 
    "H1": {
        "error": 0.1111229794335175, 
        "fit": "average_SEM", 
        "value": 0.19543881214534242
    }, 
    "H2": {
        "error": 0.13347035517021902, 
        "fit": "average_SEM", 
        "value": -0.06945114141562954
    }, 
    "L1": {
        "error": 0.2584625111786194, 
        "fit": "average_SEM", 
        "value": 0.20425023902983716
    }, 
    "L2": {
        "error": 0.11549768755660623, 
        "fit": "average_SEM", 
        "value": 0.19853057788180498
    }
}