{
    "AX": {
        "error": 0.05869977432896144, 
        "fit": "average_SEM", 
        "value": -0.022452517637672524
    }, 
    "CDD": {
        "error": 0.00016820296100092714, 
        "fit": "average_SEM", 
        "value": 0.00014300847882016873
    }, 
    "H1": {
        "error": 0.12090593627874234, 
        "fit": "average_SEM", 
        "value": 0.19641412484149137
    }, 
    "H2": {
        "error": 0.13944773940086, 
        "fit": "average_SEM", 
        "value": -0.05666990039171651
    }, 
    "L1": {
        "error": 0.23475823133243542, 
        "fit": "average_SEM", 
        "value": 0.1957640188590934
    }, 
    "L2": {
        "error": 0.13066265247927097, 
        "fit": "average_SEM", 
        "value": 0.18692682868180174
    }
}