{
    "AX": {
        "error": 0.05418430194473272, 
        "fit": "average_SEM", 
        "value": -0.01644456824530304
    }, 
    "CDD": {
        "error": 0.0001012482530751462, 
        "fit": "average_SEM", 
        "value": 7.020416232990101e-05
    }, 
    "H1": {
        "error": 0.11114710293287572, 
        "fit": "average_SEM", 
        "value": 0.14032487793592735
    }, 
    "H2": {
        "error": 0.1213248048293082, 
        "fit": "average_SEM", 
        "value": -0.07396745178072403
    }, 
    "L1": {
        "error": 0.2538962651537389, 
        "fit": "average_SEM", 
        "value": 0.17555045417975634
    }, 
    "L2": {
        "error": 0.13565970328987698, 
        "fit": "average_SEM", 
        "value": 0.20220104691300853
    }
}