{
    "AX": {
        "error": 0.05078436784617098, 
        "fit": "average_SEM", 
        "value": -0.024140175090481837
    }, 
    "CDD": {
        "error": 0.00015633943038945557, 
        "fit": "average_SEM", 
        "value": 0.00011700693770156552
    }, 
    "H1": {
        "error": 0.12126000587471189, 
        "fit": "average_SEM", 
        "value": 0.17874409998767077
    }, 
    "H2": {
        "error": 0.1134816831108456, 
        "fit": "average_SEM", 
        "value": -0.08292729916671912
    }, 
    "L1": {
        "error": 0.24371053407156634, 
        "fit": "average_SEM", 
        "value": 0.176747569089639
    }, 
    "L2": {
        "error": 0.11101300803171339, 
        "fit": "average_SEM", 
        "value": 0.19306109462243815
    }
}