{
    "AX": {
        "error": 0.05908671191351773, 
        "fit": "average_SEM", 
        "value": -0.01137125360983191
    }, 
    "CDD": {
        "error": 0.00010925053625615157, 
        "fit": "average_SEM", 
        "value": 7.280431649026771e-05
    }, 
    "H1": {
        "error": 0.13322310540114626, 
        "fit": "average_SEM", 
        "value": 0.18632573291736965
    }, 
    "H2": {
        "error": 0.13051883966130443, 
        "fit": "average_SEM", 
        "value": -0.048142515766206394
    }, 
    "L1": {
        "error": 0.28531645256083604, 
        "fit": "average_SEM", 
        "value": 0.19147567062949142
    }, 
    "L2": {
        "error": 0.1239979702303061, 
        "fit": "average_SEM", 
        "value": 0.19524138071380245
    }
}