{
    "AX": {
        "error": 0.06254236012449432, 
        "fit": "average_SEM", 
        "value": -0.012384850302138754
    }, 
    "CDD": {
        "error": 0.00011874943368237134, 
        "fit": "average_SEM", 
        "value": 9.620570393356806e-05
    }, 
    "H1": {
        "error": 0.11660734583121182, 
        "fit": "average_SEM", 
        "value": 0.1792834461511423
    }, 
    "H2": {
        "error": 0.11863802263278177, 
        "fit": "average_SEM", 
        "value": -0.05945201025654872
    }, 
    "L1": {
        "error": 0.27655556451734686, 
        "fit": "average_SEM", 
        "value": 0.15634289184818045
    }, 
    "L2": {
        "error": 0.1230388460416521, 
        "fit": "average_SEM", 
        "value": 0.18538874366786331
    }
}