{
    "AX": {
        "error": 0.056071151244644506, 
        "fit": "average_SEM", 
        "value": -0.011031152864355439
    }, 
    "CDD": {
        "error": 0.0001957110284786791, 
        "fit": "average_SEM", 
        "value": 0.0002418143373991673
    }, 
    "H1": {
        "error": 0.13458964048998434, 
        "fit": "average_SEM", 
        "value": 0.19189904807135463
    }, 
    "H2": {
        "error": 0.13707578069201376, 
        "fit": "average_SEM", 
        "value": -0.05085622984915972
    }, 
    "L1": {
        "error": 0.2582916066192559, 
        "fit": "average_SEM", 
        "value": 0.19299952432435627
    }, 
    "L2": {
        "error": 0.1336610865341071, 
        "fit": "average_SEM", 
        "value": 0.2115417440344269
    }
}