{
    "AX": {
        "error": 0.05479802890467206, 
        "fit": "average_SEM", 
        "value": -0.024315113191551063
    }, 
    "CDD": {
        "error": 0.00012586064537218125, 
        "fit": "average_SEM", 
        "value": 9.360554977320135e-05
    }, 
    "H1": {
        "error": 0.13477482763119514, 
        "fit": "average_SEM", 
        "value": 0.18014056428801267
    }, 
    "H2": {
        "error": 0.11982857767033905, 
        "fit": "average_SEM", 
        "value": -0.07223985273546228
    }, 
    "L1": {
        "error": 0.22403045148227785, 
        "fit": "average_SEM", 
        "value": 0.19583064140751957
    }, 
    "L2": {
        "error": 0.13553467067196653, 
        "fit": "average_SEM", 
        "value": 0.2057930811929206
    }
}