{
    "Ar36": {
        "error": 0.00084292736857332045, 
        "fit": "parabolic", 
        "value": 0.00057541184278372525
    }, 
    "Ar37": {
        "error": 0.13615742566112243, 
        "fit": "linear", 
        "value": 0.25569182089362308
    }, 
    "Ar38": {
        "error": 0.22208769056844674, 
        "fit": "linear", 
        "value": 0.15301638157139885
    }, 
    "Ar39": {
        "error": 0.060427463306150335, 
        "fit": "parabolic", 
        "value": 0.012019651068762426
    }, 
    "Ar40": {
        "error": 0.12987907822861641, 
        "fit": "parabolic", 
        "value": 0.47489814957384557
    }, 
    "Ar41": {
        "error": 0.11206906568278445, 
        "fit": "average_SEM", 
        "value": -0.027229942378908162
    }
}