{
    "Ar36": {
        "error": 0.00079164128620510816, 
        "fit": "parabolic", 
        "value": 0.00073505480560048016
    }, 
    "Ar37": {
        "error": 0.14143828581805659, 
        "fit": "linear", 
        "value": 0.13000026129114875
    }, 
    "Ar38": {
        "error": 0.32857308706827704, 
        "fit": "linear", 
        "value": 0.045675809409871537
    }, 
    "Ar39": {
        "error": 0.060073369194206964, 
        "fit": "parabolic", 
        "value": 0.01422479543942843
    }, 
    "Ar40": {
        "error": 0.12608386451900874, 
        "fit": "parabolic", 
        "value": 0.29354104480999654
    }, 
    "Ar41": {
        "error": 0.1263299349846822, 
        "fit": "average_SEM", 
        "value": 0.069290534640240362
    }
}