{
    "Ar36": {
        "error": 0.00082671833715151303, 
        "fit": "parabolic", 
        "value": 0.00061192874873386243
    }, 
    "Ar37": {
        "error": 0.12987702101819582, 
        "fit": "linear", 
        "value": 0.16645063151397324
    }, 
    "Ar38": {
        "error": 0.31734773180498438, 
        "fit": "linear", 
        "value": 0.054097672621290928
    }, 
    "Ar39": {
        "error": 0.059709186644451052, 
        "fit": "parabolic", 
        "value": 0.015032836739008784
    }, 
    "Ar40": {
        "error": 0.13218319574438328, 
        "fit": "parabolic", 
        "value": 0.40195213727530843
    }, 
    "Ar41": {
        "error": 0.11010477839506071, 
        "fit": "average_SEM", 
        "value": 0.10170871733467721
    }
}