{
    "Ar36": {
        "error": 0.00081852566453494504, 
        "fit": "parabolic", 
        "value": 0.00064359549867865312
    }, 
    "Ar37": {
        "error": 0.12096910984541497, 
        "fit": "linear", 
        "value": 0.06252150441987657
    }, 
    "Ar38": {
        "error": 0.25330784070716639, 
        "fit": "linear", 
        "value": 0.17165116199110603
    }, 
    "Ar39": {
        "error": 0.05914671083529692, 
        "fit": "parabolic", 
        "value": 0.01857258499018024
    }, 
    "Ar40": {
        "error": 0.13081910909098943, 
        "fit": "parabolic", 
        "value": 0.31422711697553207
    }, 
    "Ar41": {
        "error": 0.1149431675297148, 
        "fit": "average_SEM", 
        "value": -0.1667458212847123
    }
}