{
    "Ar36": {
        "error": 0.0008001332227641297, 
        "fit": "parabolic", 
        "value": 0.0006276800206361558
    }, 
    "Ar37": {
        "error": 0.13126092224531646, 
        "fit": "linear", 
        "value": -0.0047049165184163437
    }, 
    "Ar38": {
        "error": 0.28835470019142928, 
        "fit": "linear", 
        "value": 0.10589959197023863
    }, 
    "Ar39": {
        "error": 0.05901555880314785, 
        "fit": "parabolic", 
        "value": 0.0055621859949328001
    }, 
    "Ar40": {
        "error": 0.13299689534420514, 
        "fit": "parabolic", 
        "value": 0.21848407425423222
    }, 
    "Ar41": {
        "error": 0.13232706832149035, 
        "fit": "average_SEM", 
        "value": -0.21156807010411285
    }
}