{
    "Ar36": {
        "error": 0.00088396478964612322, 
        "fit": "parabolic", 
        "value": 0.00071440871990982179
    }, 
    "Ar37": {
        "error": 0.13645312930963141, 
        "fit": "linear", 
        "value": 0.19504630092873923
    }, 
    "Ar38": {
        "error": 0.31405796749528647, 
        "fit": "linear", 
        "value": 0.07814142090145304
    }, 
    "Ar39": {
        "error": 0.057759024261852067, 
        "fit": "parabolic", 
        "value": 0.0098399734513694992
    }, 
    "Ar40": {
        "error": 0.1306398935034877, 
        "fit": "parabolic", 
        "value": 0.32263202805086438
    }, 
    "Ar41": {
        "error": 0.12344128398046858, 
        "fit": "average_SEM", 
        "value": 0.12080869074939983
    }
}