{
    "Ar36": {
        "error": 0.00071593397496748064, 
        "fit": "parabolic", 
        "value": 0.00086165926536500587
    }, 
    "Ar37": {
        "error": 0.13205289210810681, 
        "fit": "linear", 
        "value": 0.22345204807891883
    }, 
    "Ar38": {
        "error": 0.24434395475288567, 
        "fit": "linear", 
        "value": 0.16657311543339726
    }, 
    "Ar39": {
        "error": 0.058908458898960299, 
        "fit": "parabolic", 
        "value": -0.011960017780438243
    }, 
    "Ar40": {
        "error": 0.12852114485066035, 
        "fit": "parabolic", 
        "value": 0.20635951652370935
    }, 
    "Ar41": {
        "error": 0.12142991445820482, 
        "fit": "average_SEM", 
        "value": -0.070346312720193968
    }
}