{
    "Ar36": {
        "error": 0.00079642804442133376, 
        "fit": "parabolic", 
        "value": 0.00058862368307136459
    }, 
    "Ar37": {
        "error": 0.12945416314486435, 
        "fit": "linear", 
        "value": 0.17879072508988786
    }, 
    "Ar38": {
        "error": 0.3161982772672135, 
        "fit": "linear", 
        "value": 0.11466905082729537
    }, 
    "Ar39": {
        "error": 0.058019245045101947, 
        "fit": "parabolic", 
        "value": 0.020042224317440009
    }, 
    "Ar40": {
        "error": 0.13396677966552947, 
        "fit": "parabolic", 
        "value": 0.32707190253905871
    }, 
    "Ar41": {
        "error": 0.14126087997097786, 
        "fit": "average_SEM", 
        "value": -0.084260876504122284
    }
}