{
    "Ar36": {
        "error": 0.00081737595485462567, 
        "fit": "parabolic", 
        "value": 0.00067559511716457153
    }, 
    "Ar37": {
        "error": 0.12839529564815189, 
        "fit": "linear", 
        "value": 0.067644346721842677
    }, 
    "Ar38": {
        "error": 0.27391860588113282, 
        "fit": "linear", 
        "value": 0.073167819206724397
    }, 
    "Ar39": {
        "error": 0.058938303072074726, 
        "fit": "parabolic", 
        "value": 0.012585685659121168
    }, 
    "Ar40": {
        "error": 0.13074936591167544, 
        "fit": "parabolic", 
        "value": 0.33175607425293252
    }, 
    "Ar41": {
        "error": 0.12204796661954889, 
        "fit": "average_SEM", 
        "value": -0.15476798951018281
    }
}