{
    "Ar36": {
        "error": 0.00081846005896157935, 
        "fit": "parabolic", 
        "value": 0.00072052337385132212
    }, 
    "Ar37": {
        "error": 0.13178189012827518, 
        "fit": "linear", 
        "value": 0.26518984170179216
    }, 
    "Ar38": {
        "error": 0.24866703641807975, 
        "fit": "linear", 
        "value": 0.20651433318262669
    }, 
    "Ar39": {
        "error": 0.059078826991415131, 
        "fit": "parabolic", 
        "value": 0.0045565568869377201
    }, 
    "Ar40": {
        "error": 0.12880556205197174, 
        "fit": "parabolic", 
        "value": 0.39584379007035653
    }, 
    "Ar41": {
        "error": 0.14156210751188689, 
        "fit": "average_SEM", 
        "value": -0.017423453440460434
    }
}