{
    "AX": {
        "error": 0.05411788249033926, 
        "fit": "average_SEM", 
        "value": -0.008490348919682826
    }, 
    "CDD": {
        "error": 5.8618069048358685e-05, 
        "fit": "average_SEM", 
        "value": 1.5600924962200223e-05
    }, 
    "H1": {
        "error": 0.12518191437072912, 
        "fit": "average_SEM", 
        "value": -0.014683033680436589
    }, 
    "H2": {
        "error": 0.123567324110194, 
        "fit": "average_SEM", 
        "value": -0.23409845375911875
    }, 
    "L1": {
        "error": 0.27454733073012366, 
        "fit": "average_SEM", 
        "value": 0.022436752156742536
    }, 
    "L2": {
        "error": 0.12808755387694112, 
        "fit": "average_SEM", 
        "value": -0.03452266909662285
    }
}