{
    "AX": {
        "error": 0.05710982938530108, 
        "fit": "average_SEM", 
        "value": -0.01787302091785629
    }, 
    "CDD": {
        "error": 2.4459062257474926e-05, 
        "fit": "average_SEM", 
        "value": 3.900231240550056e-06
    }, 
    "H1": {
        "error": 0.11076854942371497, 
        "fit": "average_SEM", 
        "value": 0.04417972101267272
    }, 
    "H2": {
        "error": 0.11440401838411722, 
        "fit": "average_SEM", 
        "value": -0.17594200813327915
    }, 
    "L1": {
        "error": 0.2155700451195312, 
        "fit": "average_SEM", 
        "value": 0.051476333548392476
    }, 
    "L2": {
        "error": 0.12921327432136323, 
        "fit": "average_SEM", 
        "value": 0.04172267971346931
    }
}