{
    "AX": {
        "error": 0.05904231380799776, 
        "fit": "average_SEM", 
        "value": -0.01738098569039721
    }, 
    "CDD": {
        "error": 5.116604542976224e-05, 
        "fit": "average_SEM", 
        "value": 1.5600924962200223e-05
    }, 
    "H1": {
        "error": 0.11086772879749554, 
        "fit": "average_SEM", 
        "value": 0.0838077057657453
    }, 
    "H2": {
        "error": 0.11911554440751536, 
        "fit": "average_SEM", 
        "value": -0.154330967393859
    }, 
    "L1": {
        "error": 0.3197661721125073, 
        "fit": "average_SEM", 
        "value": 0.013416860462166369
    }, 
    "L2": {
        "error": 0.13545663795272392, 
        "fit": "average_SEM", 
        "value": 0.0830430124886334
    }
}