{
    "AX": {
        "error": 0.06076208760920735, 
        "fit": "average_SEM", 
        "value": -0.019025656145337657
    }, 
    "CDD": {
        "error": 2.8121937230029727e-05, 
        "fit": "average_SEM", 
        "value": 5.200308320733408e-06
    }, 
    "H1": {
        "error": 0.12020360256105705, 
        "fit": "average_SEM", 
        "value": 0.2032011124227817
    }, 
    "H2": {
        "error": 0.14070502589028056, 
        "fit": "average_SEM", 
        "value": 0.17118027394850893
    }, 
    "L1": {
        "error": 0.2910092363956816, 
        "fit": "average_SEM", 
        "value": 0.1646123444137629
    }, 
    "L2": {
        "error": 0.12367617474928483, 
        "fit": "average_SEM", 
        "value": 0.27803617097282163
    }
}