{
    "AX": {
        "error": 0.055817590670502036, 
        "fit": "average_SEM", 
        "value": -0.018613349356261702
    }, 
    "CDD": {
        "error": 2.8121937230029727e-05, 
        "fit": "average_SEM", 
        "value": 5.200308320733408e-06
    }, 
    "H1": {
        "error": 0.12185218921807668, 
        "fit": "average_SEM", 
        "value": 0.2466690180823207
    }, 
    "H2": {
        "error": 0.1418009007076502, 
        "fit": "average_SEM", 
        "value": 0.011243451174110911
    }, 
    "L1": {
        "error": 0.13176676530275952, 
        "fit": "average_SEM", 
        "value": 0.20130464912945173
    }, 
    "L2": {
        "error": 0.1284023781616395, 
        "fit": "average_SEM", 
        "value": 0.2913126185187139
    }
}