{
    "AX": {
        "error": 0.059441315614934834, 
        "fit": "average_SEM", 
        "value": -0.02529513730733015
    }, 
    "CDD": {
        "error": 3.130546554622594e-05, 
        "fit": "average_SEM", 
        "value": 6.50038540091676e-06
    }, 
    "H1": {
        "error": 0.12364050747386654, 
        "fit": "average_SEM", 
        "value": 0.21177657053873797
    }, 
    "H2": {
        "error": 0.13317220563590373, 
        "fit": "average_SEM", 
        "value": -0.01966009487223346
    }, 
    "L1": {
        "error": 0.2944466043626039, 
        "fit": "average_SEM", 
        "value": 0.16570345653841892
    }, 
    "L2": {
        "error": 0.13508924778628642, 
        "fit": "average_SEM", 
        "value": 0.2922500603599474
    }
}