{
    "AX": {
        "error": 0.05586323333565733, 
        "fit": "average_SEM", 
        "value": -0.022289464904073006
    }, 
    "CDD": {
        "error": 2.8121937230029727e-05, 
        "fit": "average_SEM", 
        "value": 5.200308320733408e-06
    }, 
    "H1": {
        "error": 0.11955917653300172, 
        "fit": "average_SEM", 
        "value": 0.2428490994265303
    }, 
    "H2": {
        "error": 0.12505053160754118, 
        "fit": "average_SEM", 
        "value": 0.0037026453084157158
    }, 
    "L1": {
        "error": 0.13022356613933964, 
        "fit": "average_SEM", 
        "value": 0.21958651265595108
    }, 
    "L2": {
        "error": 0.11879979925575102, 
        "fit": "average_SEM", 
        "value": 0.31097268105174103
    }
}