{
    "AX": {
        "error": 0.0558019767483092, 
        "fit": "average_SEM", 
        "value": -0.01905226537831671
    }, 
    "CDD": {
        "error": 3.130546554622594e-05, 
        "fit": "average_SEM", 
        "value": 6.50038540091676e-06
    }, 
    "H1": {
        "error": 0.11434576212225013, 
        "fit": "average_SEM", 
        "value": 0.14822297519228111
    }, 
    "H2": {
        "error": 0.14818091189913757, 
        "fit": "average_SEM", 
        "value": -0.057653390288275354
    }, 
    "L1": {
        "error": 0.2997884964478024, 
        "fit": "average_SEM", 
        "value": 0.15033021233830368
    }, 
    "L2": {
        "error": 0.12040974084225345, 
        "fit": "average_SEM", 
        "value": 0.21688031594191368
    }
}