{
    "AX": {
        "error": 0.051883048925134415, 
        "fit": "average_SEM", 
        "value": -0.01077693492018928
    }, 
    "CDD": {
        "error": 3.907871269890579e-05, 
        "fit": "average_SEM", 
        "value": 1.0400616641466816e-05
    }, 
    "H1": {
        "error": 0.1256672332462736, 
        "fit": "average_SEM", 
        "value": 0.0036202396901596026
    }, 
    "H2": {
        "error": 0.11124967083593311, 
        "fit": "average_SEM", 
        "value": -0.19960371924486633
    }, 
    "L1": {
        "error": 0.22705286957125068, 
        "fit": "average_SEM", 
        "value": 0.013549241107345249
    }, 
    "L2": {
        "error": 0.13033438107722028, 
        "fit": "average_SEM", 
        "value": -0.03363489226515715
    }
}