{
    "AX": {
        "error": 0.056370746296103946, 
        "fit": "average_SEM", 
        "value": -0.011258650575473438
    }, 
    "CDD": {
        "error": 3.130546554622594e-05, 
        "fit": "average_SEM", 
        "value": 6.50038540091676e-06
    }, 
    "H1": {
        "error": 0.11215114016063603, 
        "fit": "average_SEM", 
        "value": 0.03517894146304267
    }, 
    "H2": {
        "error": 0.11413599136017478, 
        "fit": "average_SEM", 
        "value": -0.16851257265867994
    }, 
    "L1": {
        "error": 0.24730927949953357, 
        "fit": "average_SEM", 
        "value": 0.054845625478386256
    }, 
    "L2": {
        "error": 0.12538649937706584, 
        "fit": "average_SEM", 
        "value": 0.023908351095936572
    }
}