{
    "AX": {
        "error": 0.05517008724495146, 
        "fit": "average_SEM", 
        "value": -0.025574964823317715
    }, 
    "CDD": {
        "error": 2.8121937230029724e-05, 
        "fit": "average_SEM", 
        "value": 5.200308320733408e-06
    }, 
    "H1": {
        "error": 0.0990729388057235, 
        "fit": "average_SEM", 
        "value": 0.2274999633897096
    }, 
    "H2": {
        "error": 0.14729811702081844, 
        "fit": "average_SEM", 
        "value": -0.006224489975526618
    }, 
    "L1": {
        "error": 0.28299280237316865, 
        "fit": "average_SEM", 
        "value": 0.1986712581361644
    }, 
    "L2": {
        "error": 0.13242121454703723, 
        "fit": "average_SEM", 
        "value": 0.2643857684607307
    }
}