{
    "AX": {
        "error": 0.050862905642352296, 
        "fit": "average_SEM", 
        "value": -0.016751069307065335
    }, 
    "CDD": {
        "error": 4.595384948494189e-05, 
        "fit": "average_SEM", 
        "value": 1.1700693721650169e-05
    }, 
    "H1": {
        "error": 0.14042830003531542, 
        "fit": "average_SEM", 
        "value": 0.10522066134629617
    }, 
    "H2": {
        "error": 0.11838772680097137, 
        "fit": "average_SEM", 
        "value": -0.12859804473797945
    }, 
    "L1": {
        "error": 0.3618021058435433, 
        "fit": "average_SEM", 
        "value": 0.09120982958314319
    }, 
    "L2": {
        "error": 0.13317100594699802, 
        "fit": "average_SEM", 
        "value": 0.10336985532194376
    }
}