{
    "AX": {
        "error": 0.05723413552506025, 
        "fit": "average_SEM", 
        "value": -0.025254324718844146
    }, 
    "CDD": {
        "error": 2.8121937230029727e-05, 
        "fit": "average_SEM", 
        "value": 5.200308320733408e-06
    }, 
    "H1": {
        "error": 0.13244589032203283, 
        "fit": "average_SEM", 
        "value": 0.21733337396290153
    }, 
    "H2": {
        "error": 0.13941119458690573, 
        "fit": "average_SEM", 
        "value": -0.0072124882529654615
    }, 
    "L1": {
        "error": 0.2653956285701702, 
        "fit": "average_SEM", 
        "value": 0.18753323410831702
    }, 
    "L2": {
        "error": 0.1268085022051842, 
        "fit": "average_SEM", 
        "value": 0.2730748951008233
    }
}