{
    "AX": {
        "error": 0.05636536440541871, 
        "fit": "average_SEM", 
        "value": -0.017044863789487864
    }, 
    "CDD": {
        "error": 3.90787126989058e-05, 
        "fit": "average_SEM", 
        "value": 1.0400616641466816e-05
    }, 
    "H1": {
        "error": 0.12030441305023164, 
        "fit": "average_SEM", 
        "value": 0.044672734348084005
    }, 
    "H2": {
        "error": 0.13118590346169917, 
        "fit": "average_SEM", 
        "value": -0.1551779866111853
    }, 
    "L1": {
        "error": 0.2797788511891389, 
        "fit": "average_SEM", 
        "value": 0.1024484296523345
    }, 
    "L2": {
        "error": 0.1398201247986437, 
        "fit": "average_SEM", 
        "value": 0.05428988865411763
    }
}