{
    "AX": {
        "error": 0.05678602749167182, 
        "fit": "average_SEM", 
        "value": -0.009589168431557483
    }, 
    "CDD": {
        "error": 5.248158255293091e-05, 
        "fit": "average_SEM", 
        "value": 1.0400616641466816e-05
    }, 
    "H1": {
        "error": 0.13323710831118055, 
        "fit": "average_SEM", 
        "value": 0.14707319353474305
    }, 
    "H2": {
        "error": 0.1473521641876052, 
        "fit": "average_SEM", 
        "value": -0.07643638642233176
    }, 
    "L1": {
        "error": 0.32199232909615266, 
        "fit": "average_SEM", 
        "value": 0.11256644630727047
    }, 
    "L2": {
        "error": 0.139428709430461, 
        "fit": "average_SEM", 
        "value": 0.15922922081663274
    }
}