{
    "AX": {
        "error": 0.0607026189666019, 
        "fit": "average_SEM", 
        "value": -0.014757201715838164
    }, 
    "CDD": {
        "error": 3.414399193128503e-05, 
        "fit": "average_SEM", 
        "value": 7.800462481100112e-06
    }, 
    "H1": {
        "error": 0.1257930231548877, 
        "fit": "average_SEM", 
        "value": 0.07054912837144608
    }, 
    "H2": {
        "error": 0.11845214747134727, 
        "fit": "average_SEM", 
        "value": -0.1747834382248887
    }, 
    "L1": {
        "error": 0.28848499706686687, 
        "fit": "average_SEM", 
        "value": 0.08658156049593041
    }, 
    "L2": {
        "error": 0.14706934591386506, 
        "fit": "average_SEM", 
        "value": 0.06425145694520325
    }
}