{
    "AX": {
        "error": 0.060205453576976625, 
        "fit": "average_SEM", 
        "value": -0.02039810283264766
    }, 
    "CDD": {
        "error": 2.005590416565273e-05, 
        "fit": "average_SEM", 
        "value": 2.600154160366704e-06
    }, 
    "H1": {
        "error": 0.11083746311229087, 
        "fit": "average_SEM", 
        "value": 0.159456466450744
    }, 
    "H2": {
        "error": 0.12105629598700816, 
        "fit": "average_SEM", 
        "value": -0.04820558480763187
    }, 
    "L1": {
        "error": 0.24071173080614583, 
        "fit": "average_SEM", 
        "value": 0.14764874013101992
    }, 
    "L2": {
        "error": 0.11982922718229451, 
        "fit": "average_SEM", 
        "value": 0.19517298052863527
    }
}