{
    "AX": {
        "error": 0.04995918177138438, 
        "fit": "average_SEM", 
        "value": -0.0223722888782504
    }, 
    "CDD": {
        "error": 3.907871269890579e-05, 
        "fit": "average_SEM", 
        "value": 1.0400616641466816e-05
    }, 
    "H1": {
        "error": 0.11547383871656808, 
        "fit": "average_SEM", 
        "value": 0.20909753090624386
    }, 
    "H2": {
        "error": 0.13604957467949638, 
        "fit": "average_SEM", 
        "value": -0.024218468805581022
    }, 
    "L1": {
        "error": 0.23343232246742426, 
        "fit": "average_SEM", 
        "value": 0.15635493015870452
    }, 
    "L2": {
        "error": 0.12714594509347, 
        "fit": "average_SEM", 
        "value": 0.2450556067012561
    }
}