{
    "AX": {
        "error": 0.056126939783515004, 
        "fit": "average_SEM", 
        "value": -0.0077039743477750255
    }, 
    "CDD": {
        "error": 2.8121937230029727e-05, 
        "fit": "average_SEM", 
        "value": 5.200308320733408e-06
    }, 
    "H1": {
        "error": 0.12594328537983226, 
        "fit": "average_SEM", 
        "value": 0.04614034814100402
    }, 
    "H2": {
        "error": 0.11582922030591696, 
        "fit": "average_SEM", 
        "value": -0.175635176008412
    }, 
    "L1": {
        "error": 0.2669376821184879, 
        "fit": "average_SEM", 
        "value": 0.05105718782482048
    }, 
    "L2": {
        "error": 0.13033817359391967, 
        "fit": "average_SEM", 
        "value": 0.03078370808410303
    }
}