{
    "AX": {
        "error": 0.05287950113044876, 
        "fit": "average_SEM", 
        "value": -0.013831644442204076
    }, 
    "CDD": {
        "error": 4.952410562881188e-05, 
        "fit": "average_SEM", 
        "value": 1.4300847882016872e-05
    }, 
    "H1": {
        "error": 0.13441114035914287, 
        "fit": "average_SEM", 
        "value": 0.06186105031956686
    }, 
    "H2": {
        "error": 0.10874962997086333, 
        "fit": "average_SEM", 
        "value": -0.14973688816511033
    }, 
    "L1": {
        "error": 0.19886039121428808, 
        "fit": "average_SEM", 
        "value": -0.06307217131640451
    }, 
    "L2": {
        "error": 0.13250484940700238, 
        "fit": "average_SEM", 
        "value": 0.08019451492533941
    }
}