{
    "Ar36": {
        "error": 0.0014744209638137475, 
        "fit": "linear", 
        "value": 0.010516107330797938
    }, 
    "Ar37": {
        "error": 0.1210451035374905, 
        "fit": "linear", 
        "value": 0.29727346380292602
    }, 
    "Ar38": {
        "error": 0.17928627288057436, 
        "fit": "linear", 
        "value": 0.2887091581785815
    }, 
    "Ar39": {
        "error": 0.0604963298091626, 
        "fit": "linear", 
        "value": 8.1750683760987926
    }, 
    "Ar40": {
        "error": 0.4500552594633081, 
        "fit": "linear", 
        "value": 1542.2691397130047
    }, 
    "Ar41": {
        "error": 0.1212943748112139, 
        "fit": "average_SEM", 
        "value": 0.047914016895180489
    }
}