{
    "Ar36": {
        "error": 0.0016356738414600007, 
        "fit": "linear", 
        "value": 0.013169102270959222
    }, 
    "Ar37": {
        "error": 0.13871300410349763, 
        "fit": "linear", 
        "value": 0.3132190719504051
    }, 
    "Ar38": {
        "error": 0.20292739876761431, 
        "fit": "linear", 
        "value": 0.23098772142410215
    }, 
    "Ar39": {
        "error": 0.05698541075483126, 
        "fit": "linear", 
        "value": 4.9337257445697613
    }, 
    "Ar40": {
        "error": 0.3559808762060887, 
        "fit": "linear", 
        "value": 931.22021713383265
    }, 
    "Ar41": {
        "error": 0.14082468425824421, 
        "fit": "average_SEM", 
        "value": 0.0073188046288366121
    }
}