{
    "Ar36": {
        "error": 0.0016376372653962984, 
        "fit": "linear", 
        "value": 0.015159724848159445
    }, 
    "Ar37": {
        "error": 0.13489997626556247, 
        "fit": "linear", 
        "value": 0.31536358827973787
    }, 
    "Ar38": {
        "error": 0.18990730848957607, 
        "fit": "linear", 
        "value": 0.25142862044525754
    }, 
    "Ar39": {
        "error": 0.065435432912747532, 
        "fit": "linear", 
        "value": 5.3497187862296141
    }, 
    "Ar40": {
        "error": 0.42726645518169043, 
        "fit": "linear", 
        "value": 1009.5549979414795
    }, 
    "Ar41": {
        "error": 0.11313933042737724, 
        "fit": "average_SEM", 
        "value": 0.01719051256586681
    }
}