{
    "Ar36": {
        "error": 0.0061145060130361291, 
        "fit": "linear", 
        "value": 0.25793043386575581
    }, 
    "Ar37": {
        "error": 0.13285145404151621, 
        "fit": "linear", 
        "value": 0.30800434292767842
    }, 
    "Ar38": {
        "error": 0.20826995300852197, 
        "fit": "linear", 
        "value": 0.36439250602398554
    }, 
    "Ar39": {
        "error": 0.065001238905501094, 
        "fit": "linear", 
        "value": 11.964261969717779
    }, 
    "Ar40": {
        "error": 0.71417674032231004, 
        "fit": "linear", 
        "value": 2323.8638120519199
    }, 
    "Ar41": {
        "error": 0.14981976354305529, 
        "fit": "average_SEM", 
        "value": 0.032416039220988749
    }
}