{
    "Ar36": {
        "error": 0.0044434180475792949, 
        "fit": "linear", 
        "value": 0.10467115389196852
    }, 
    "Ar37": {
        "error": 0.12933656769336999, 
        "fit": "linear", 
        "value": 0.28135365481025232
    }, 
    "Ar38": {
        "error": 0.19973244221743242, 
        "fit": "linear", 
        "value": 0.41979907550238249
    }, 
    "Ar39": {
        "error": 0.072480970727512389, 
        "fit": "linear", 
        "value": 16.751132841665722
    }, 
    "Ar40": {
        "error": 0.60237244632135878, 
        "fit": "linear", 
        "value": 2240.8996059293659
    }, 
    "Ar41": {
        "error": 0.13613658068689119, 
        "fit": "average_SEM", 
        "value": 0.039598757291241779
    }
}