{
    "Ar36": {
        "error": 0.0016263583710990365, 
        "fit": "linear", 
        "value": 0.013707870353715979
    }, 
    "Ar37": {
        "error": 0.126156770097231, 
        "fit": "linear", 
        "value": 0.30498439401265326
    }, 
    "Ar38": {
        "error": 0.25261995484493377, 
        "fit": "linear", 
        "value": 0.29161372110141404
    }, 
    "Ar39": {
        "error": 0.063034284203819041, 
        "fit": "linear", 
        "value": 10.595074720418463
    }, 
    "Ar40": {
        "error": 0.61042363195706495, 
        "fit": "linear", 
        "value": 1989.6774811061036
    }, 
    "Ar41": {
        "error": 0.14277675173629739, 
        "fit": "average_SEM", 
        "value": 0.021522127380255066
    }
}