{
    "Ar36": {
        "error": 0.0020186783602508147, 
        "fit": "linear", 
        "value": 0.018652190049655529
    }, 
    "Ar37": {
        "error": 0.12534508420659887, 
        "fit": "linear", 
        "value": 0.293520873258305
    }, 
    "Ar38": {
        "error": 0.24841641742293649, 
        "fit": "linear", 
        "value": 0.29878588504805997
    }, 
    "Ar39": {
        "error": 0.063817455054171135, 
        "fit": "linear", 
        "value": 12.730174352506104
    }, 
    "Ar40": {
        "error": 0.6002712347774406, 
        "fit": "linear", 
        "value": 2385.6879935224042
    }, 
    "Ar41": {
        "error": 0.13985217529277985, 
        "fit": "average_SEM", 
        "value": 0.025301488746384469
    }
}