{
    "Ar36": {
        "error": 0.0017339043892042486, 
        "fit": "linear", 
        "value": 0.014507098134930226
    }, 
    "Ar37": {
        "error": 0.13033561269759086, 
        "fit": "linear", 
        "value": 0.30064604907638109
    }, 
    "Ar38": {
        "error": 0.23576077776518317, 
        "fit": "linear", 
        "value": 0.30759522887156965
    }, 
    "Ar39": {
        "error": 0.06121181896128168, 
        "fit": "linear", 
        "value": 9.570963211623587
    }, 
    "Ar40": {
        "error": 0.57775118112047219, 
        "fit": "linear", 
        "value": 1801.6742620966622
    }, 
    "Ar41": {
        "error": 0.14666605135296717, 
        "fit": "average_SEM", 
        "value": 0.014818954058428062
    }
}