{
    "Ar36": {
        "error": 0.0027131453368451483, 
        "fit": "linear", 
        "value": 0.03590847184499911
    }, 
    "Ar37": {
        "error": 0.13844594011799211, 
        "fit": "linear", 
        "value": 0.26025253456842373
    }, 
    "Ar38": {
        "error": 0.25622122607752196, 
        "fit": "linear", 
        "value": 0.31785734193465764
    }, 
    "Ar39": {
        "error": 0.071096571658561647, 
        "fit": "linear", 
        "value": 13.664107970527358
    }, 
    "Ar40": {
        "error": 0.70337785330047631, 
        "fit": "linear", 
        "value": 2572.5706028384311
    }, 
    "Ar41": {
        "error": 0.14559528391382007, 
        "fit": "average_SEM", 
        "value": 0.018419473751758536
    }
}