{
    "Ar36": {
        "error": 0.0017688845046451005, 
        "fit": "linear", 
        "value": 0.01847830643550042
    }, 
    "Ar37": {
        "error": 0.15188250625616764, 
        "fit": "linear", 
        "value": 0.27752864153004697
    }, 
    "Ar38": {
        "error": 0.3005090130084575, 
        "fit": "linear", 
        "value": 0.2071355429039185
    }, 
    "Ar39": {
        "error": 0.064142703910532256, 
        "fit": "linear", 
        "value": 9.2525673187645392
    }, 
    "Ar40": {
        "error": 0.54795809564104703, 
        "fit": "linear", 
        "value": 1739.552796251869
    }, 
    "Ar41": {
        "error": 0.14673633179683165, 
        "fit": "average_SEM", 
        "value": -0.026803169716149568
    }
}