{
    "Ar36": {
        "error": 0.0020812790265890531, 
        "fit": "linear", 
        "value": 0.025573157381576631
    }, 
    "Ar37": {
        "error": 0.11983776759918778, 
        "fit": "linear", 
        "value": 0.2696599193686493
    }, 
    "Ar38": {
        "error": 0.28683011151488991, 
        "fit": "linear", 
        "value": 0.25975366977170922
    }, 
    "Ar39": {
        "error": 0.058480001011766633, 
        "fit": "linear", 
        "value": 10.686832208108834
    }, 
    "Ar40": {
        "error": 0.58754940609166395, 
        "fit": "linear", 
        "value": 2009.8157182053919
    }, 
    "Ar41": {
        "error": 0.13587659023215012, 
        "fit": "average_SEM", 
        "value": -0.0058186491920302315
    }
}