{
    "Ar36": {
        "error": 0.0047335610776754241, 
        "fit": "linear", 
        "value": 0.12745881561951208
    }, 
    "Ar37": {
        "error": 0.14073562429191633, 
        "fit": "linear", 
        "value": 0.24596161595248697
    }, 
    "Ar38": {
        "error": 0.293836074836758, 
        "fit": "linear", 
        "value": 0.25344092785910766
    }, 
    "Ar39": {
        "error": 0.069100587123123808, 
        "fit": "linear", 
        "value": 9.9363860607465071
    }, 
    "Ar40": {
        "error": 0.55316844223862383, 
        "fit": "linear", 
        "value": 1903.4931539736572
    }, 
    "Ar41": {
        "error": 0.16345548183469713, 
        "fit": "average_SEM", 
        "value": -0.039768360648304225
    }
}