{
    "Ar36": {
        "error": 0.0019018373561175341, 
        "fit": "linear", 
        "value": 0.015949214594208491
    }, 
    "Ar37": {
        "error": 0.12819690163002753, 
        "fit": "linear", 
        "value": 0.28584063967284362
    }, 
    "Ar38": {
        "error": 0.30260965971686005, 
        "fit": "linear", 
        "value": 0.31460992630951595
    }, 
    "Ar39": {
        "error": 0.060641897609317028, 
        "fit": "linear", 
        "value": 12.505622971236738
    }, 
    "Ar40": {
        "error": 0.64404888576681718, 
        "fit": "linear", 
        "value": 2352.957899186008
    }, 
    "Ar41": {
        "error": 0.14405930059033872, 
        "fit": "average_SEM", 
        "value": -0.007035189374291804
    }
}