{
    "Ar36": {
        "error": 0.0019397811744571952, 
        "fit": "linear", 
        "value": 0.021680248082289705
    }, 
    "Ar37": {
        "error": 0.14241380531540554, 
        "fit": "linear", 
        "value": 0.20415761046064385
    }, 
    "Ar38": {
        "error": 0.2979250537927311, 
        "fit": "linear", 
        "value": 0.27333956770041484
    }, 
    "Ar39": {
        "error": 0.063752516555588098, 
        "fit": "linear", 
        "value": 13.144691219170767
    }, 
    "Ar40": {
        "error": 0.72403822123877648, 
        "fit": "linear", 
        "value": 2464.5481074701083
    }, 
    "Ar41": {
        "error": 0.13050205142110474, 
        "fit": "average_SEM", 
        "value": -0.0010315365918601553
    }
}