{
    "Ar36": {
        "error": 0.0016074882905025476, 
        "fit": "linear", 
        "value": 0.014530074516295535
    }, 
    "Ar37": {
        "error": 0.13835569680248697, 
        "fit": "linear", 
        "value": 0.17022702013917368
    }, 
    "Ar38": {
        "error": 0.33917308288233827, 
        "fit": "linear", 
        "value": 0.19091867561455908
    }, 
    "Ar39": {
        "error": 0.070133312817333968, 
        "fit": "linear", 
        "value": 8.5808548032123468
    }, 
    "Ar40": {
        "error": 0.51063786490450935, 
        "fit": "linear", 
        "value": 1610.1012902833029
    }, 
    "Ar41": {
        "error": 0.13760070903023483, 
        "fit": "average_SEM", 
        "value": -0.056002941370631255
    }
}