{
    "Ar36": {
        "error": 0.001515940252491252, 
        "fit": "linear", 
        "value": 0.010985304517162937
    }, 
    "Ar37": {
        "error": 0.12762192979652073, 
        "fit": "linear", 
        "value": 0.18232401609617024
    }, 
    "Ar38": {
        "error": 0.30721721481598407, 
        "fit": "linear", 
        "value": 0.16165724810783577
    }, 
    "Ar39": {
        "error": 0.061724057702118994, 
        "fit": "linear", 
        "value": 5.0970662445980777
    }, 
    "Ar40": {
        "error": 0.41212608141032664, 
        "fit": "linear", 
        "value": 956.58533919337765
    }, 
    "Ar41": {
        "error": 0.14526514667353413, 
        "fit": "average_SEM", 
        "value": -0.055265734731995808
    }
}