{
    "Ar36": {
        "error": 0.0021807759697278144, 
        "fit": "linear", 
        "value": 0.029763354104153941
    }, 
    "Ar37": {
        "error": 0.12591165059185, 
        "fit": "linear", 
        "value": 0.15877110925831536
    }, 
    "Ar38": {
        "error": 0.34891693465295492, 
        "fit": "linear", 
        "value": 0.16076009005336589
    }, 
    "Ar39": {
        "error": 0.076339521384442582, 
        "fit": "linear", 
        "value": 10.214769480179019
    }, 
    "Ar40": {
        "error": 0.57058827970360315, 
        "fit": "linear", 
        "value": 1924.5292216665796
    }, 
    "Ar41": {
        "error": 0.13701527571949476, 
        "fit": "average_SEM", 
        "value": -0.080049644989582405
    }
}