{
    "Ar36": {
        "error": 0.0017575450489650307, 
        "fit": "linear", 
        "value": 0.017675166181083241
    }, 
    "Ar37": {
        "error": 0.13182436374782847, 
        "fit": "linear", 
        "value": 0.13135945401886914
    }, 
    "Ar38": {
        "error": 0.36078758849433135, 
        "fit": "linear", 
        "value": 0.14349131866960563
    }, 
    "Ar39": {
        "error": 0.064571060779706216, 
        "fit": "linear", 
        "value": 8.151506318877761
    }, 
    "Ar40": {
        "error": 0.53869796257369418, 
        "fit": "linear", 
        "value": 1532.6336612710525
    }, 
    "Ar41": {
        "error": 0.14545277730374323, 
        "fit": "average_SEM", 
        "value": -0.073005475665704575
    }
}