{
    "Ar36": {
        "error": 0.0018823429308810432, 
        "fit": "linear", 
        "value": 0.022522746371761798
    }, 
    "Ar37": {
        "error": 0.13236183825407172, 
        "fit": "linear", 
        "value": 0.1104886451951213
    }, 
    "Ar38": {
        "error": 0.36259329828519798, 
        "fit": "linear", 
        "value": 0.20275138793010769
    }, 
    "Ar39": {
        "error": 0.056552714511413742, 
        "fit": "linear", 
        "value": 5.6832481692023169
    }, 
    "Ar40": {
        "error": 0.39936773253921393, 
        "fit": "linear", 
        "value": 1069.1635810704195
    }, 
    "Ar41": {
        "error": 0.12923200662622641, 
        "fit": "average_SEM", 
        "value": -0.09445721724070609
    }
}