{
    "Ar36": {
        "error": 0.0020585587926110569, 
        "fit": "linear", 
        "value": 0.019400043885084008
    }, 
    "Ar37": {
        "error": 0.13282411270862154, 
        "fit": "linear", 
        "value": 0.19245987471075382
    }, 
    "Ar38": {
        "error": 0.35762684161905806, 
        "fit": "linear", 
        "value": 0.23919110073832517
    }, 
    "Ar39": {
        "error": 0.066460497101584623, 
        "fit": "linear", 
        "value": 13.206055985731869
    }, 
    "Ar40": {
        "error": 0.6725937546032752, 
        "fit": "linear", 
        "value": 2474.4769407775066
    }, 
    "Ar41": {
        "error": 0.12744925609729643, 
        "fit": "average_SEM", 
        "value": -0.060000969317043198
    }
}