{
    "Ar36": {
        "error": 0.0016282890911312521, 
        "fit": "linear", 
        "value": 0.012715191799787785
    }, 
    "Ar37": {
        "error": 0.14055449718637408, 
        "fit": "linear", 
        "value": 0.08737202959782861
    }, 
    "Ar38": {
        "error": 0.35871076183247719, 
        "fit": "linear", 
        "value": 0.18146053565636086
    }, 
    "Ar39": {
        "error": 0.060838111385559598, 
        "fit": "linear", 
        "value": 8.0354400386387095
    }, 
    "Ar40": {
        "error": 0.5403326556248601, 
        "fit": "linear", 
        "value": 1504.7250802875565
    }, 
    "Ar41": {
        "error": 0.14789698154223779, 
        "fit": "average_SEM", 
        "value": -0.1136572828857849
    }
}