{
    "Ar36": {
        "error": 0.0021890881943826446, 
        "fit": "linear", 
        "value": 0.027251397211505171
    }, 
    "Ar37": {
        "error": 0.13644562561985438, 
        "fit": "linear", 
        "value": -0.018959213706775755
    }, 
    "Ar38": {
        "error": 0.19384947191256124, 
        "fit": "linear", 
        "value": 0.47513000333370858
    }, 
    "Ar39": {
        "error": 0.065579096659733119, 
        "fit": "linear", 
        "value": 8.8965675461938432
    }, 
    "Ar40": {
        "error": 0.54700753817310388, 
        "fit": "linear", 
        "value": 1667.5764959124533
    }, 
    "Ar41": {
        "error": 0.12842327705361337, 
        "fit": "average_SEM", 
        "value": -0.18122396849561484
    }
}