{
    "Ar36": {
        "error": 0.0018513171605679026, 
        "fit": "linear", 
        "value": 0.017931933435592382
    }, 
    "Ar37": {
        "error": 0.14041980191589665, 
        "fit": "linear", 
        "value": 0.035214158542964752
    }, 
    "Ar38": {
        "error": 0.18671449616106303, 
        "fit": "linear", 
        "value": -0.18418211723866834
    }, 
    "Ar39": {
        "error": 0.060368205292530654, 
        "fit": "linear", 
        "value": 9.3799425098998519
    }, 
    "Ar40": {
        "error": 0.55044063322868331, 
        "fit": "linear", 
        "value": 1753.037228533419
    }, 
    "Ar41": {
        "error": 0.1258213953626556, 
        "fit": "average_SEM", 
        "value": -0.16467130724495899
    }
}