{
    "Ar36": {
        "error": 0.0014975924644228117, 
        "fit": "linear", 
        "value": 0.010780377506554285
    }, 
    "Ar37": {
        "error": 0.11703356961601859, 
        "fit": "linear", 
        "value": 0.0058743712146478349
    }, 
    "Ar38": {
        "error": 0.2821714031824456, 
        "fit": "linear", 
        "value": 0.21875462160453482
    }, 
    "Ar39": {
        "error": 0.071614885418351037, 
        "fit": "linear", 
        "value": 14.040003171988225
    }, 
    "Ar40": {
        "error": 0.71912325392284049, 
        "fit": "linear", 
        "value": 2619.0544565532277
    }, 
    "Ar41": {
        "error": 0.12574494395357202, 
        "fit": "average_SEM", 
        "value": -0.16004044662384936
    }
}