{
    "Ar36": {
        "error": 0.0017293119017912453, 
        "fit": "linear", 
        "value": 0.015571030258591155
    }, 
    "Ar37": {
        "error": 0.11669381081386417, 
        "fit": "linear", 
        "value": 0.01033577291359656
    }, 
    "Ar38": {
        "error": 0.26051949326656182, 
        "fit": "linear", 
        "value": 0.12459287838937849
    }, 
    "Ar39": {
        "error": 0.068654082572273109, 
        "fit": "linear", 
        "value": 9.236817671272874
    }, 
    "Ar40": {
        "error": 0.4882982477393471, 
        "fit": "linear", 
        "value": 1724.6151006419047
    }, 
    "Ar41": {
        "error": 0.13026377569471295, 
        "fit": "average_SEM", 
        "value": -0.19065285036650798
    }
}