{
    "Ar36": {
        "error": 0.0016073042628534204, 
        "fit": "linear", 
        "value": 0.013912554983219097
    }, 
    "Ar37": {
        "error": 0.12752240486722621, 
        "fit": "linear", 
        "value": 0.024138959785392079
    }, 
    "Ar38": {
        "error": 0.24433321904926653, 
        "fit": "linear", 
        "value": 0.15451600467578597
    }, 
    "Ar39": {
        "error": 0.058347050361645558, 
        "fit": "linear", 
        "value": 8.0644315211120254
    }, 
    "Ar40": {
        "error": 0.49469375115497327, 
        "fit": "linear", 
        "value": 1503.3115549262589
    }, 
    "Ar41": {
        "error": 0.11826319307233883, 
        "fit": "average_SEM", 
        "value": -0.16517207113734911
    }
}