{
    "Ar36": {
        "error": 0.0021906793996206452, 
        "fit": "linear", 
        "value": 0.025320779142951614
    }, 
    "Ar37": {
        "error": 0.13964365431280851, 
        "fit": "linear", 
        "value": 0.045488554071492368
    }, 
    "Ar38": {
        "error": 0.26375210155464435, 
        "fit": "linear", 
        "value": 0.24124841260818541
    }, 
    "Ar39": {
        "error": 0.067900548734520422, 
        "fit": "linear", 
        "value": 18.470888765904576
    }, 
    "Ar40": {
        "error": 0.76924995822993358, 
        "fit": "linear", 
        "value": 3445.9995837573551
    }, 
    "Ar41": {
        "error": 0.12094643914555571, 
        "fit": "average_SEM", 
        "value": -0.1391294851914669
    }
}