{
    "Ar36": {
        "error": 0.0013923922399457474, 
        "fit": "linear", 
        "value": 0.0094839020768741414
    }, 
    "Ar37": {
        "error": 0.13391068977074297, 
        "fit": "linear", 
        "value": 0.054169566682493835
    }, 
    "Ar38": {
        "error": 0.26166330364377072, 
        "fit": "linear", 
        "value": 0.14964891982146417
    }, 
    "Ar39": {
        "error": 0.066909409424546734, 
        "fit": "linear", 
        "value": 11.883826987561385
    }, 
    "Ar40": {
        "error": 0.5551764821348868, 
        "fit": "linear", 
        "value": 2216.8653963580973
    }, 
    "Ar41": {
        "error": 0.12901741029405547, 
        "fit": "average_SEM", 
        "value": -0.16182364108972253
    }
}