{
    "Ar36": {
        "error": 0.0055876967167651113, 
        "fit": "linear", 
        "value": 0.19828746007869974
    }, 
    "Ar37": {
        "error": 0.13358163320690206, 
        "fit": "linear", 
        "value": 0.067556076682538532
    }, 
    "Ar38": {
        "error": 0.29957973414778372, 
        "fit": "linear", 
        "value": 0.16104628487179667
    }, 
    "Ar39": {
        "error": 0.059800250748125235, 
        "fit": "linear", 
        "value": 3.5945248638283975
    }, 
    "Ar40": {
        "error": 0.37704403536393549, 
        "fit": "linear", 
        "value": 730.85968351292877
    }, 
    "Ar41": {
        "error": 0.11852613046694449, 
        "fit": "average_SEM", 
        "value": -0.1671316562468807
    }
}