{
    "Ar36": {
        "error": 0.0020732517471932464, 
        "fit": "linear", 
        "value": 0.021083176004508455
    }, 
    "Ar37": {
        "error": 0.13170097038290204, 
        "fit": "linear", 
        "value": 0.052807686218966615
    }, 
    "Ar38": {
        "error": 0.28762271518300808, 
        "fit": "linear", 
        "value": 0.13646373874287421
    }, 
    "Ar39": {
        "error": 0.060104335688413391, 
        "fit": "linear", 
        "value": 10.505440474720618
    }, 
    "Ar40": {
        "error": 0.58220978493678832, 
        "fit": "linear", 
        "value": 1959.6388985087867
    }, 
    "Ar41": {
        "error": 0.12725364096769068, 
        "fit": "average_SEM", 
        "value": -0.12577507975976915
    }
}