{
    "Ar36": {
        "error": 0.0015949752072451119, 
        "fit": "linear", 
        "value": 0.0086846145659879928
    }, 
    "Ar37": {
        "error": 0.12422642044849759, 
        "fit": "linear", 
        "value": 0.053755337104393557
    }, 
    "Ar38": {
        "error": 0.27848017980533712, 
        "fit": "linear", 
        "value": 0.029076402333017462
    }, 
    "Ar39": {
        "error": 0.061666410515384275, 
        "fit": "linear", 
        "value": 5.1966320923266025
    }, 
    "Ar40": {
        "error": 0.38641280279726264, 
        "fit": "linear", 
        "value": 969.75638613800584
    }, 
    "Ar41": {
        "error": 0.12498278137186716, 
        "fit": "average_SEM", 
        "value": -0.16121007383141356
    }
}