{
    "Ar36": {
        "error": 0.0035897337886408387, 
        "fit": "linear", 
        "value": 0.069324296336456454
    }, 
    "Ar37": {
        "error": 0.13704255467065446, 
        "fit": "linear", 
        "value": 0.031204593913146776
    }, 
    "Ar38": {
        "error": 0.26025006117144417, 
        "fit": "linear", 
        "value": 0.16644328245597079
    }, 
    "Ar39": {
        "error": 0.073164454689050626, 
        "fit": "linear", 
        "value": 11.83269823235457
    }, 
    "Ar40": {
        "error": 0.67122080283350638, 
        "fit": "linear", 
        "value": 2224.1264383174962
    }, 
    "Ar41": {
        "error": 0.12273954220473228, 
        "fit": "average_SEM", 
        "value": -0.13036250604627034
    }
}