{
    "Ar36": {
        "error": 0.0015189762164852178, 
        "fit": "linear", 
        "value": 0.013121813118820307
    }, 
    "Ar37": {
        "error": 0.13938345675651154, 
        "fit": "linear", 
        "value": 0.19742258283506336
    }, 
    "Ar38": {
        "error": 0.35111712964425779, 
        "fit": "linear", 
        "value": 0.28074791697111989
    }, 
    "Ar39": {
        "error": 0.067511067658398011, 
        "fit": "linear", 
        "value": 8.5971696749127524
    }, 
    "Ar40": {
        "error": 0.48188498096736326, 
        "fit": "linear", 
        "value": 1602.9858536615734
    }, 
    "Ar41": {
        "error": 0.14945259720795881, 
        "fit": "average_SEM", 
        "value": -0.047104889891343191
    }
}