{
    "Ar36": {
        "error": 0.0022202088266821641, 
        "fit": "linear", 
        "value": 0.027037805523727886
    }, 
    "Ar37": {
        "error": 0.13576942427372202, 
        "fit": "linear", 
        "value": 0.18965369107999031
    }, 
    "Ar38": {
        "error": 0.31848890562866544, 
        "fit": "linear", 
        "value": 0.25154976535468643
    }, 
    "Ar39": {
        "error": 0.069297309604518131, 
        "fit": "linear", 
        "value": 12.03798160683808
    }, 
    "Ar40": {
        "error": 0.6350604719663675, 
        "fit": "linear", 
        "value": 2244.1528629024247
    }, 
    "Ar41": {
        "error": 0.13964089487470527, 
        "fit": "average_SEM", 
        "value": -0.032738009540383549
    }
}