{
    "Ar36": {
        "error": 0.0022713173448435167, 
        "fit": "linear", 
        "value": 0.029484296635306842
    }, 
    "Ar37": {
        "error": 0.12204154653695261, 
        "fit": "linear", 
        "value": 0.26469669756540154
    }, 
    "Ar38": {
        "error": 0.3094037971861659, 
        "fit": "linear", 
        "value": 0.24659187903651142
    }, 
    "Ar39": {
        "error": 0.065584570499168771, 
        "fit": "linear", 
        "value": 9.8417186745315917
    }, 
    "Ar40": {
        "error": 0.54460636825074182, 
        "fit": "linear", 
        "value": 1838.2080556697128
    }, 
    "Ar41": {
        "error": 0.14029080433797569, 
        "fit": "average_SEM", 
        "value": -0.036799419059728583
    }
}