{
    "Ar36": {
        "error": 0.0016621034490814171, 
        "fit": "linear", 
        "value": 0.016530706323102221
    }, 
    "Ar37": {
        "error": 0.13581753260311899, 
        "fit": "linear", 
        "value": 0.2338637771117387
    }, 
    "Ar38": {
        "error": 0.32364316557544476, 
        "fit": "linear", 
        "value": 0.24281884099883053
    }, 
    "Ar39": {
        "error": 0.063406596126882805, 
        "fit": "linear", 
        "value": 10.090265994205613
    }, 
    "Ar40": {
        "error": 0.58724523557323016, 
        "fit": "linear", 
        "value": 1885.4337004204385
    }, 
    "Ar41": {
        "error": 0.12584089420132161, 
        "fit": "average_SEM", 
        "value": -0.0017728532866264383
    }
}