{
    "Ar36": {
        "error": 0.0014367995448949418, 
        "fit": "linear", 
        "value": 0.0084629105635606536
    }, 
    "Ar37": {
        "error": 0.13454545069638052, 
        "fit": "linear", 
        "value": 0.26658319301626732
    }, 
    "Ar38": {
        "error": 0.30945935416564152, 
        "fit": "linear", 
        "value": 0.21941671562685877
    }, 
    "Ar39": {
        "error": 0.067390630523181214, 
        "fit": "linear", 
        "value": 9.9550263563378891
    }, 
    "Ar40": {
        "error": 0.5750242567736944, 
        "fit": "linear", 
        "value": 1856.0154591611076
    }, 
    "Ar41": {
        "error": 0.13694951596942009, 
        "fit": "average_SEM", 
        "value": -0.022446635787685711
    }
}