{
    "Ar36": {
        "error": 0.0027057460020187126, 
        "fit": "linear", 
        "value": 0.04857630741872479
    }, 
    "Ar37": {
        "error": 0.13913287748580216, 
        "fit": "linear", 
        "value": 0.26616413239171055
    }, 
    "Ar38": {
        "error": 0.24989863562900122, 
        "fit": "linear", 
        "value": 0.21078662152486705
    }, 
    "Ar39": {
        "error": 0.057254265125976013, 
        "fit": "linear", 
        "value": 2.0961293075513785
    }, 
    "Ar40": {
        "error": 0.26532037694514565, 
        "fit": "linear", 
        "value": 400.75800455353937
    }, 
    "Ar41": {
        "error": 0.1343261442793289, 
        "fit": "average_SEM", 
        "value": -0.03488839055498829
    }
}