{
    "Ar36": {
        "error": 0.0032273300052889043, 
        "fit": "linear", 
        "value": 0.056849201309017029
    }, 
    "Ar37": {
        "error": 0.13107932180263426, 
        "fit": "linear", 
        "value": 0.26009897949383065
    }, 
    "Ar38": {
        "error": 0.26616577355990795, 
        "fit": "linear", 
        "value": 0.27006162202460809
    }, 
    "Ar39": {
        "error": 0.067680896335547122, 
        "fit": "linear", 
        "value": 9.8366772776597298
    }, 
    "Ar40": {
        "error": 0.59192791478684703, 
        "fit": "linear", 
        "value": 1844.1895412556414
    }, 
    "Ar41": {
        "error": 0.12606405495388881, 
        "fit": "average_SEM", 
        "value": -0.0089587815082632014
    }
}