{
    "Ar36": {
        "error": 0.0018390954096775471, 
        "fit": "linear", 
        "value": 0.01479999055810392
    }, 
    "Ar37": {
        "error": 0.13762688512601184, 
        "fit": "linear", 
        "value": 0.30843946835113401
    }, 
    "Ar38": {
        "error": 0.23117657135174591, 
        "fit": "linear", 
        "value": 0.2248486008890247
    }, 
    "Ar39": {
        "error": 0.055740540761459331, 
        "fit": "linear", 
        "value": 9.8401967328615356
    }, 
    "Ar40": {
        "error": 0.57672473932938595, 
        "fit": "linear", 
        "value": 1831.5999125226267
    }, 
    "Ar41": {
        "error": 0.13672111500024522, 
        "fit": "average_SEM", 
        "value": 0.019414938708456855
    }
}