{
    "Ar36": {
        "error": 0.0014730618699329216, 
        "fit": "linear", 
        "value": 0.0092316506634198478
    }, 
    "Ar37": {
        "error": 0.12879177305266262, 
        "fit": "linear", 
        "value": 0.23540813565703333
    }, 
    "Ar38": {
        "error": 0.27706587313408992, 
        "fit": "linear", 
        "value": 0.22134145401405542
    }, 
    "Ar39": {
        "error": 0.059708098554308663, 
        "fit": "linear", 
        "value": 5.8596590359540901
    }, 
    "Ar40": {
        "error": 0.41932110153678182, 
        "fit": "linear", 
        "value": 1089.1262592350311
    }, 
    "Ar41": {
        "error": 0.12306785617527852, 
        "fit": "average_SEM", 
        "value": -0.0086490216261396798
    }
}