{
    "Ar36": {
        "error": 0.0026928057175068577, 
        "fit": "linear", 
        "value": 0.040580941201027107
    }, 
    "Ar37": {
        "error": 0.13543281555666081, 
        "fit": "linear", 
        "value": 0.33689444113776512
    }, 
    "Ar38": {
        "error": 0.21893670167779974, 
        "fit": "linear", 
        "value": 0.36396116628712671
    }, 
    "Ar39": {
        "error": 0.07519479382200954, 
        "fit": "linear", 
        "value": 14.722643789388918
    }, 
    "Ar40": {
        "error": 0.73895727570923786, 
        "fit": "linear", 
        "value": 2744.8649905485304
    }, 
    "Ar41": {
        "error": 0.14585022378803691, 
        "fit": "average_SEM", 
        "value": 0.055819388783226412
    }
}