{
    "Ar36": {
        "error": 0.0022596926077908877, 
        "fit": "linear", 
        "value": 0.031919712768480789
    }, 
    "Ar37": {
        "error": 0.12483182346917486, 
        "fit": "linear", 
        "value": 0.26092672797958222
    }, 
    "Ar38": {
        "error": 0.24315846152910384, 
        "fit": "linear", 
        "value": 0.2705569215896097
    }, 
    "Ar39": {
        "error": 0.059997818515864249, 
        "fit": "linear", 
        "value": 7.0231102464112478
    }, 
    "Ar40": {
        "error": 0.42743329348760772, 
        "fit": "linear", 
        "value": 1309.119300069204
    }, 
    "Ar41": {
        "error": 0.1393190614317999, 
        "fit": "average_SEM", 
        "value": 0.022750052794193228
    }
}