{
    "Ar36": {
        "error": 0.0032326892126470479, 
        "fit": "linear", 
        "value": 0.058476238088116125
    }, 
    "Ar37": {
        "error": 0.13274701355600924, 
        "fit": "linear", 
        "value": 0.29894892246731586
    }, 
    "Ar38": {
        "error": 0.24238877495859981, 
        "fit": "linear", 
        "value": 0.258872186658403
    }, 
    "Ar39": {
        "error": 0.061536224486577494, 
        "fit": "linear", 
        "value": 4.8266582604228399
    }, 
    "Ar40": {
        "error": 0.40680767590690536, 
        "fit": "linear", 
        "value": 911.44857802644947
    }, 
    "Ar41": {
        "error": 0.13427228589065326, 
        "fit": "average_SEM", 
        "value": -0.0020719595049740747
    }
}