{
    "Ar36": {
        "error": 0.0020557448378697865, 
        "fit": "linear", 
        "value": 0.024142997927927706
    }, 
    "Ar37": {
        "error": 0.11728961519975478, 
        "fit": "linear", 
        "value": 0.30016170435212164
    }, 
    "Ar38": {
        "error": 0.25832349791481213, 
        "fit": "linear", 
        "value": 0.2298212137268677
    }, 
    "Ar39": {
        "error": 0.061941211542354713, 
        "fit": "linear", 
        "value": 3.3908787530754609
    }, 
    "Ar40": {
        "error": 0.34541150012518257, 
        "fit": "linear", 
        "value": 635.72265640588103
    }, 
    "Ar41": {
        "error": 0.15073246133955454, 
        "fit": "average_SEM", 
        "value": -0.0024459753123422462
    }
}