{
    "Ar36": {
        "error": 0.0021214660460675844, 
        "fit": "linear", 
        "value": 0.025376673558130766
    }, 
    "Ar37": {
        "error": 0.13141917292892355, 
        "fit": "linear", 
        "value": 0.28224114286323609
    }, 
    "Ar38": {
        "error": 0.228632798394034, 
        "fit": "linear", 
        "value": 0.28344596548809492
    }, 
    "Ar39": {
        "error": 0.069172048888671053, 
        "fit": "linear", 
        "value": 8.0192694219794909
    }, 
    "Ar40": {
        "error": 0.49323338106524789, 
        "fit": "linear", 
        "value": 1492.6791850632058
    }, 
    "Ar41": {
        "error": 0.12931933196878645, 
        "fit": "average_SEM", 
        "value": 0.021461553905004014
    }
}