{
    "Ar36": {
        "error": 0.0042027444898131722, 
        "fit": "linear", 
        "value": 0.088655498863373317
    }, 
    "Ar37": {
        "error": 0.14429515616528441, 
        "fit": "linear", 
        "value": 0.32699866006560641
    }, 
    "Ar38": {
        "error": 0.23833795442249142, 
        "fit": "linear", 
        "value": 0.38344389360013864
    }, 
    "Ar39": {
        "error": 0.075287722079390079, 
        "fit": "linear", 
        "value": 15.581001909790945
    }, 
    "Ar40": {
        "error": 0.70682881315136026, 
        "fit": "linear", 
        "value": 2920.8529744340672
    }, 
    "Ar41": {
        "error": 0.13836015721685585, 
        "fit": "average_SEM", 
        "value": 0.054357380873504252
    }
}