{
    "Ar36": {
        "error": 0.0022201905989604515, 
        "fit": "linear", 
        "value": 0.026927984030131719
    }, 
    "Ar37": {
        "error": 0.13025400331505163, 
        "fit": "linear", 
        "value": 0.36804052395189052
    }, 
    "Ar38": {
        "error": 0.25292273978933788, 
        "fit": "linear", 
        "value": 0.29978621942082168
    }, 
    "Ar39": {
        "error": 0.064834586731656554, 
        "fit": "linear", 
        "value": 9.4072313829507994
    }, 
    "Ar40": {
        "error": 0.57566144640620975, 
        "fit": "linear", 
        "value": 1752.628168553714
    }, 
    "Ar41": {
        "error": 0.13777860956668989, 
        "fit": "average_SEM", 
        "value": 0.032925590359761066
    }
}