{
    "Ar36": {
        "error": 0.0016092889148363744, 
        "fit": "linear", 
        "value": 0.013420287214425539
    }, 
    "Ar37": {
        "error": 0.14070843755265641, 
        "fit": "linear", 
        "value": 0.30653426698903163
    }, 
    "Ar38": {
        "error": 0.24036227251595857, 
        "fit": "linear", 
        "value": 0.26072298726037202
    }, 
    "Ar39": {
        "error": 0.062462072503216219, 
        "fit": "linear", 
        "value": 5.6150561253515274
    }, 
    "Ar40": {
        "error": 0.41453683928563001, 
        "fit": "linear", 
        "value": 1048.0429667531912
    }, 
    "Ar41": {
        "error": 0.13532228669560678, 
        "fit": "average_SEM", 
        "value": -0.010878600841388107
    }
}