{
    "Ar36": {
        "error": 0.0021616808549678513, 
        "fit": "linear", 
        "value": 0.024765030989073171
    }, 
    "Ar37": {
        "error": 0.13322037913446708, 
        "fit": "linear", 
        "value": 0.31639869528155018
    }, 
    "Ar38": {
        "error": 0.24300349118942605, 
        "fit": "linear", 
        "value": 0.26743611393884398
    }, 
    "Ar39": {
        "error": 0.060164398030612423, 
        "fit": "linear", 
        "value": 6.9633019987035691
    }, 
    "Ar40": {
        "error": 0.44445967632309191, 
        "fit": "linear", 
        "value": 1298.6333029959285
    }, 
    "Ar41": {
        "error": 0.14392221790095355, 
        "fit": "average_SEM", 
        "value": 0.0099033473703699811
    }
}