{
    "Ar36": {
        "error": 0.0036322420425035241, 
        "fit": "linear", 
        "value": 0.075391034928218734
    }, 
    "Ar37": {
        "error": 0.11434496436225815, 
        "fit": "linear", 
        "value": 0.29334686101720819
    }, 
    "Ar38": {
        "error": 0.27371605363391943, 
        "fit": "linear", 
        "value": 0.28103681918224321
    }, 
    "Ar39": {
        "error": 0.067716787469364048, 
        "fit": "linear", 
        "value": 8.446787681517602
    }, 
    "Ar40": {
        "error": 0.50791380558220267, 
        "fit": "linear", 
        "value": 1587.0155972942423
    }, 
    "Ar41": {
        "error": 0.13556856451721286, 
        "fit": "average_SEM", 
        "value": 0.029912851611152293
    }
}