{
    "Ar36": {
        "error": 0.0025349249317112438, 
        "fit": "linear", 
        "value": 0.03872389927545257
    }, 
    "Ar37": {
        "error": 0.13710231205290477, 
        "fit": "linear", 
        "value": 0.33288665458364342
    }, 
    "Ar38": {
        "error": 0.2337453553540384, 
        "fit": "linear", 
        "value": 0.36008228126184971
    }, 
    "Ar39": {
        "error": 0.069546865607204966, 
        "fit": "linear", 
        "value": 13.763272389187886
    }, 
    "Ar40": {
        "error": 0.62836413657706636, 
        "fit": "linear", 
        "value": 2562.5872349738884
    }, 
    "Ar41": {
        "error": 0.1368447918122048, 
        "fit": "average_SEM", 
        "value": 0.059872345514983556
    }
}