{
    "Ar36": {
        "error": 0.0037953555812108913, 
        "fit": "linear", 
        "value": 0.077701412856714419
    }, 
    "Ar37": {
        "error": 0.14002961598984431, 
        "fit": "linear", 
        "value": 0.38057427559766432
    }, 
    "Ar38": {
        "error": 0.24461103380440005, 
        "fit": "linear", 
        "value": 0.39446255521189755
    }, 
    "Ar39": {
        "error": 0.066445001973514606, 
        "fit": "linear", 
        "value": 11.764154089032431
    }, 
    "Ar40": {
        "error": 0.57332064692911588, 
        "fit": "linear", 
        "value": 2203.8451947677177
    }, 
    "Ar41": {
        "error": 0.14828366667605125, 
        "fit": "average_SEM", 
        "value": 0.042107749640514766
    }
}