{
    "Ar36": {
        "error": 0.0014232936904372828, 
        "fit": "linear", 
        "value": 0.007344824616599026
    }, 
    "Ar37": {
        "error": 0.1278744798220095, 
        "fit": "linear", 
        "value": 0.33474915246123416
    }, 
    "Ar38": {
        "error": 0.26945146924701907, 
        "fit": "linear", 
        "value": 0.27750387910769986
    }, 
    "Ar39": {
        "error": 0.058554139120633175, 
        "fit": "linear", 
        "value": 6.799924930691037
    }, 
    "Ar40": {
        "error": 0.47008713965835169, 
        "fit": "linear", 
        "value": 1262.5346891738313
    }, 
    "Ar41": {
        "error": 0.14533076868434799, 
        "fit": "average_SEM", 
        "value": 0.028278892328574633
    }
}