{
    "Ar36": {
        "error": 0.0015311948062632784, 
        "fit": "linear", 
        "value": 0.011479294219468028
    }, 
    "Ar37": {
        "error": 0.14432704012802772, 
        "fit": "linear", 
        "value": 0.30652270991930197
    }, 
    "Ar38": {
        "error": 0.25559216846395111, 
        "fit": "linear", 
        "value": 0.27778540189288881
    }, 
    "Ar39": {
        "error": 0.06140817848494963, 
        "fit": "linear", 
        "value": 7.9874426263215632
    }, 
    "Ar40": {
        "error": 0.50584027375275908, 
        "fit": "linear", 
        "value": 1484.4164719820253
    }, 
    "Ar41": {
        "error": 0.14525018938407888, 
        "fit": "average_SEM", 
        "value": 0.020105078825727107
    }
}