{
    "Ar36": {
        "error": 0.0024245163555408743, 
        "fit": "linear", 
        "value": 0.040656322591923671
    }, 
    "Ar37": {
        "error": 0.12668286049756614, 
        "fit": "linear", 
        "value": 0.39646662284493356
    }, 
    "Ar38": {
        "error": 0.24634575108410847, 
        "fit": "linear", 
        "value": 0.46435762797963398
    }, 
    "Ar39": {
        "error": 0.071212199282864458, 
        "fit": "linear", 
        "value": 20.773661168230483
    }, 
    "Ar40": {
        "error": 0.940414383495913, 
        "fit": "linear", 
        "value": 3853.109389895053
    }, 
    "Ar41": {
        "error": 0.15133311478510617, 
        "fit": "average_SEM", 
        "value": 0.073982296916268148
    }
}