{
    "Ar36": {
        "error": 0.001527109454105652, 
        "fit": "linear", 
        "value": 0.013432993849615263
    }, 
    "Ar37": {
        "error": 0.13500543714462285, 
        "fit": "linear", 
        "value": 0.32719248253114042
    }, 
    "Ar38": {
        "error": 0.25794342088172478, 
        "fit": "linear", 
        "value": 0.27150816486461454
    }, 
    "Ar39": {
        "error": 0.067523563130284334, 
        "fit": "linear", 
        "value": 8.876716938249082
    }, 
    "Ar40": {
        "error": 0.56464437206293994, 
        "fit": "linear", 
        "value": 1645.949025260963
    }, 
    "Ar41": {
        "error": 0.14917278194844485, 
        "fit": "average_SEM", 
        "value": 0.031583006827471158
    }
}