{
    "Ar36": {
        "error": 0.0031223912252271954, 
        "fit": "linear", 
        "value": 0.056864801861067599
    }, 
    "Ar37": {
        "error": 0.12573226148596314, 
        "fit": "linear", 
        "value": 0.33661640695523959
    }, 
    "Ar38": {
        "error": 0.25529998631240813, 
        "fit": "linear", 
        "value": 0.45243012423269607
    }, 
    "Ar39": {
        "error": 0.058681890090402006, 
        "fit": "linear", 
        "value": 17.591259372010104
    }, 
    "Ar40": {
        "error": 0.77821369962947451, 
        "fit": "linear", 
        "value": 3274.1856526698202
    }, 
    "Ar41": {
        "error": 0.14229429629194998, 
        "fit": "average_SEM", 
        "value": 0.062381914186601835
    }
}