{
    "Ar36": {
        "error": 0.0016666195477327253, 
        "fit": "linear", 
        "value": 0.015482321912517954
    }, 
    "Ar37": {
        "error": 0.13689789869207328, 
        "fit": "linear", 
        "value": 0.35167668385963446
    }, 
    "Ar38": {
        "error": 0.23349316523406219, 
        "fit": "linear", 
        "value": 0.41454177912966472
    }, 
    "Ar39": {
        "error": 0.068287753654108871, 
        "fit": "linear", 
        "value": 17.321856080418335
    }, 
    "Ar40": {
        "error": 0.84163332706752081, 
        "fit": "linear", 
        "value": 3207.9490112580415
    }, 
    "Ar41": {
        "error": 0.1448127874420542, 
        "fit": "average_SEM", 
        "value": 0.059576295502483848
    }
}