{
    "Ar36": {
        "error": 0.0016851718717806482, 
        "fit": "linear", 
        "value": 0.0133246033340652
    }, 
    "Ar37": {
        "error": 0.1339786585925121, 
        "fit": "linear", 
        "value": 0.35491293126391488
    }, 
    "Ar38": {
        "error": 0.2904289668291487, 
        "fit": "linear", 
        "value": 0.42367970871938521
    }, 
    "Ar39": {
        "error": 0.064205298559271262, 
        "fit": "linear", 
        "value": 19.257845828971902
    }, 
    "Ar40": {
        "error": 0.78476622712518029, 
        "fit": "linear", 
        "value": 3553.8583930349355
    }, 
    "Ar41": {
        "error": 0.14375223404784937, 
        "fit": "average_SEM", 
        "value": 0.05418593782999475
    }
}