{
    "Ar36": {
        "error": 0.0012548100807337451, 
        "fit": "linear", 
        "value": 0.0063423240223444369
    }, 
    "Ar37": {
        "error": 0.14067190957278805, 
        "fit": "linear", 
        "value": 0.30698067590198341
    }, 
    "Ar38": {
        "error": 0.28942148171748344, 
        "fit": "linear", 
        "value": 0.29028800543611344
    }, 
    "Ar39": {
        "error": 0.068592498037618715, 
        "fit": "linear", 
        "value": 9.5285633948071347
    }, 
    "Ar40": {
        "error": 0.56530577690657258, 
        "fit": "linear", 
        "value": 1761.2304786906648
    }, 
    "Ar41": {
        "error": 0.132113311557325, 
        "fit": "average_SEM", 
        "value": 0.22626719426363706
    }
}