{
    "Ar36": {
        "error": 0.0016088064585162991, 
        "fit": "linear", 
        "value": 0.008872270396144695
    }, 
    "Ar37": {
        "error": 0.13820908277841942, 
        "fit": "linear", 
        "value": 0.34476464240131699
    }, 
    "Ar38": {
        "error": 0.27439518527343049, 
        "fit": "linear", 
        "value": 0.47151313474143841
    }, 
    "Ar39": {
        "error": 0.064869286997457878, 
        "fit": "linear", 
        "value": 21.703143757759431
    }, 
    "Ar40": {
        "error": 0.91284765037464088, 
        "fit": "linear", 
        "value": 4011.1135282286132
    }, 
    "Ar41": {
        "error": 0.13820114178375273, 
        "fit": "average_SEM", 
        "value": 0.078676367114918933
    }
}