{
    "Ar36": {
        "error": 0.0018257305079903386, 
        "fit": "linear", 
        "value": 0.017354850502254229
    }, 
    "Ar37": {
        "error": 0.13452527915193527, 
        "fit": "linear", 
        "value": 0.36261873387742416
    }, 
    "Ar38": {
        "error": 0.28495912174713961, 
        "fit": "linear", 
        "value": 0.31994471249750828
    }, 
    "Ar39": {
        "error": 0.066565569632231508, 
        "fit": "linear", 
        "value": 10.601422677070142
    }, 
    "Ar40": {
        "error": 0.5991742157050074, 
        "fit": "linear", 
        "value": 1965.7195752846483
    }, 
    "Ar41": {
        "error": 0.14256015594282712, 
        "fit": "average_SEM", 
        "value": 0.037304339705733582
    }
}