{
    "Ar36": {
        "error": 0.0031459148477846889, 
        "fit": "linear", 
        "value": 0.061350359151071163
    }, 
    "Ar37": {
        "error": 0.15446372810258097, 
        "fit": "linear", 
        "value": 0.32597546226257523
    }, 
    "Ar38": {
        "error": 0.27022912916772845, 
        "fit": "linear", 
        "value": 0.35715309879693291
    }, 
    "Ar39": {
        "error": 0.063759081853185212, 
        "fit": "linear", 
        "value": 12.186950741501365
    }, 
    "Ar40": {
        "error": 0.61420525835259798, 
        "fit": "linear", 
        "value": 2271.2420976327671
    }, 
    "Ar41": {
        "error": 0.13805768421665604, 
        "fit": "average_SEM", 
        "value": 0.038176251593880203
    }
}