{
    "Ar36": {
        "error": 0.0011434945745982426, 
        "fit": "linear", 
        "value": 0.0048662540976467323
    }, 
    "Ar37": {
        "error": 0.1335555754246664, 
        "fit": "linear", 
        "value": 0.33591282532934219
    }, 
    "Ar38": {
        "error": 0.2933397663435845, 
        "fit": "linear", 
        "value": 0.27256479711570492
    }, 
    "Ar39": {
        "error": 0.062890742257616192, 
        "fit": "linear", 
        "value": 9.08296621726255
    }, 
    "Ar40": {
        "error": 0.55326428992787746, 
        "fit": "linear", 
        "value": 1678.2955515943252
    }, 
    "Ar41": {
        "error": 0.13764227985538452, 
        "fit": "average_SEM", 
        "value": 0.20584995524957775
    }
}