{
    "Ar36": {
        "error": 0.001222936284632304, 
        "fit": "linear", 
        "value": 0.0044714903548432015
    }, 
    "Ar37": {
        "error": 0.13406927417266326, 
        "fit": "linear", 
        "value": 0.32065297989870123
    }, 
    "Ar38": {
        "error": 0.3141507738800578, 
        "fit": "linear", 
        "value": 0.29593655567155835
    }, 
    "Ar39": {
        "error": 0.065511449821445272, 
        "fit": "linear", 
        "value": 9.8617979623979863
    }, 
    "Ar40": {
        "error": 0.54309665970098941, 
        "fit": "linear", 
        "value": 1820.762307070705
    }, 
    "Ar41": {
        "error": 0.13457344574832317, 
        "fit": "average_SEM", 
        "value": 0.21538468328032953
    }
}