{
    "Ar36": {
        "error": 0.0014408346766854483, 
        "fit": "linear", 
        "value": 0.011673092878027164
    }, 
    "Ar37": {
        "error": 0.13213221941965458, 
        "fit": "linear", 
        "value": 0.31348467987764506
    }, 
    "Ar38": {
        "error": 0.32440840469224269, 
        "fit": "linear", 
        "value": 0.26444446030738411
    }, 
    "Ar39": {
        "error": 0.061856266124851927, 
        "fit": "linear", 
        "value": 11.315289887869723
    }, 
    "Ar40": {
        "error": 0.57979800409476667, 
        "fit": "linear", 
        "value": 2090.8844788244041
    }, 
    "Ar41": {
        "error": 0.13961627748721209, 
        "fit": "average_SEM", 
        "value": 0.20325190528606374
    }
}