{
    "Ar36": {
        "error": 0.0017666824455910668, 
        "fit": "linear", 
        "value": 0.018791614679320723
    }, 
    "Ar37": {
        "error": 0.1274849484268776, 
        "fit": "linear", 
        "value": 0.17019223174013109
    }, 
    "Ar38": {
        "error": 0.34995308753681859, 
        "fit": "linear", 
        "value": 0.20504195852984697
    }, 
    "Ar39": {
        "error": 0.058122325834283825, 
        "fit": "linear", 
        "value": 5.1273720021441349
    }, 
    "Ar40": {
        "error": 0.38927286292030361, 
        "fit": "linear", 
        "value": 950.7915365746544
    }, 
    "Ar41": {
        "error": 0.13026169920435238, 
        "fit": "average_SEM", 
        "value": 0.11977991350480201
    }
}