{
    "Ar36": {
        "error": 0.0010140564086114673, 
        "fit": "linear", 
        "value": 0.0044959015386827547
    }, 
    "Ar37": {
        "error": 0.11956779585073303, 
        "fit": "linear", 
        "value": 0.22173343902630471
    }, 
    "Ar38": {
        "error": 0.34401103532105515, 
        "fit": "linear", 
        "value": 0.22281968806335481
    }, 
    "Ar39": {
        "error": 0.054120708501756876, 
        "fit": "linear", 
        "value": -0.00019271876651320505
    }, 
    "Ar40": {
        "error": 0.12006707556308288, 
        "fit": "linear", 
        "value": 1.28467010024168
    }, 
    "Ar41": {
        "error": 0.14412935396180188, 
        "fit": "average_SEM", 
        "value": 0.16840020917511234
    }
}