{
    "Ar36": {
        "error": 0.0016059821019195834, 
        "fit": "linear", 
        "value": 0.015594789652625287
    }, 
    "Ar37": {
        "error": 0.13417599131410804, 
        "fit": "linear", 
        "value": 0.32156194064070631
    }, 
    "Ar38": {
        "error": 0.33273240353881212, 
        "fit": "linear", 
        "value": 0.30261701185831491
    }, 
    "Ar39": {
        "error": 0.069365143759593129, 
        "fit": "linear", 
        "value": 6.9010015318525193
    }, 
    "Ar40": {
        "error": 0.43346309774918779, 
        "fit": "linear", 
        "value": 1275.0749384212131
    }, 
    "Ar41": {
        "error": 0.13712668863990549, 
        "fit": "average_SEM", 
        "value": 0.2012904169759713
    }
}