{
    "Ar36": {
        "error": 0.0050396719104188548, 
        "fit": "linear", 
        "value": 0.11605919436352864
    }, 
    "Ar37": {
        "error": 0.1591637330978028, 
        "fit": "linear", 
        "value": 0.16261061804309856
    }, 
    "Ar38": {
        "error": 0.34535051415515705, 
        "fit": "linear", 
        "value": 0.22867934280945679
    }, 
    "Ar39": {
        "error": 0.065564044393051718, 
        "fit": "linear", 
        "value": 10.15977278502025
    }, 
    "Ar40": {
        "error": 0.56194122989873729, 
        "fit": "linear", 
        "value": 1905.5634914079435
    }, 
    "Ar41": {
        "error": 0.12575867023909618, 
        "fit": "average_SEM", 
        "value": 0.11847074002105122
    }
}