{
    "Ar36": {
        "error": 0.0012421174454331687, 
        "fit": "linear", 
        "value": 0.0059827568485291234
    }, 
    "Ar37": {
        "error": 0.14264923316506659, 
        "fit": "linear", 
        "value": 0.12393479810417757
    }, 
    "Ar38": {
        "error": 0.33382712774188683, 
        "fit": "linear", 
        "value": 0.12964782821088758
    }, 
    "Ar39": {
        "error": 0.066071690241684466, 
        "fit": "linear", 
        "value": 7.6988602383318492
    }, 
    "Ar40": {
        "error": 0.54012414789568497, 
        "fit": "linear", 
        "value": 1423.2355074858585
    }, 
    "Ar41": {
        "error": 0.11914905784072437, 
        "fit": "average_SEM", 
        "value": -0.11480798390849183
    }
}