{
    "Ar36": {
        "error": 0.001070826185873029, 
        "fit": "linear", 
        "value": 0.0044879698880614938
    }, 
    "Ar37": {
        "error": 0.12806217081390717, 
        "fit": "linear", 
        "value": 0.23621355783799403
    }, 
    "Ar38": {
        "error": 0.33786359521853665, 
        "fit": "linear", 
        "value": 0.12319192864925779
    }, 
    "Ar39": {
        "error": 0.064182309745746291, 
        "fit": "linear", 
        "value": 0.00049097073164327404
    }, 
    "Ar40": {
        "error": 0.11562980641709801, 
        "fit": "linear", 
        "value": 1.3050904689264344
    }, 
    "Ar41": {
        "error": 0.12878418243952555, 
        "fit": "average_SEM", 
        "value": 0.12692548226831907
    }
}