{
    "Ar36": {
        "error": 0.0010876890207857446, 
        "fit": "linear", 
        "value": 0.0044654798580690824
    }, 
    "Ar37": {
        "error": 0.13683768629373028, 
        "fit": "linear", 
        "value": 0.11314010957291643
    }, 
    "Ar38": {
        "error": 0.33815081209537551, 
        "fit": "linear", 
        "value": 0.12123378360006867
    }, 
    "Ar39": {
        "error": 0.062621667243829934, 
        "fit": "linear", 
        "value": 3.7788762667125475
    }, 
    "Ar40": {
        "error": 0.34375826394228698, 
        "fit": "linear", 
        "value": 698.22681776531704
    }, 
    "Ar41": {
        "error": 0.13593787045863981, 
        "fit": "average_SEM", 
        "value": -0.12182953707854419
    }
}