{
    "Ar36": {
        "error": 0.0012810776517265313, 
        "fit": "linear", 
        "value": 0.0067875545832441972
    }, 
    "Ar37": {
        "error": 0.14170626822333507, 
        "fit": "linear", 
        "value": 0.11389035444547405
    }, 
    "Ar38": {
        "error": 0.33982911640940211, 
        "fit": "linear", 
        "value": 0.22534715216923157
    }, 
    "Ar39": {
        "error": 0.070116734463607486, 
        "fit": "linear", 
        "value": 13.304802063557588
    }, 
    "Ar40": {
        "error": 0.69941702746297607, 
        "fit": "linear", 
        "value": 2460.7635974309051
    }, 
    "Ar41": {
        "error": 0.1205931514879946, 
        "fit": "average_SEM", 
        "value": -0.087745436953458308
    }
}