{
    "Ar36": {
        "error": 0.0020235499987328654, 
        "fit": "linear", 
        "value": 0.016146680997157454
    }, 
    "Ar37": {
        "error": 0.13379364760028747, 
        "fit": "linear", 
        "value": 0.07929643002471809
    }, 
    "Ar38": {
        "error": 0.19368501448671838, 
        "fit": "linear", 
        "value": 0.78661701373990045
    }, 
    "Ar39": {
        "error": 0.070799533225250386, 
        "fit": "linear", 
        "value": 15.489037387011649
    }, 
    "Ar40": {
        "error": 0.80175232293887877, 
        "fit": "linear", 
        "value": 2863.1382981562069
    }, 
    "Ar41": {
        "error": 0.12384771488608874, 
        "fit": "average_SEM", 
        "value": -0.092796084211828805
    }
}