{
    "Ar36": {
        "error": 0.0013089834244791735, 
        "fit": "linear", 
        "value": 0.0071872322498597778
    }, 
    "Ar37": {
        "error": 0.13374933397778221, 
        "fit": "linear", 
        "value": 0.11363241429604345
    }, 
    "Ar38": {
        "error": 0.28994634653501966, 
        "fit": "linear", 
        "value": 0.29017919708038581
    }, 
    "Ar39": {
        "error": 0.06789149426737362, 
        "fit": "linear", 
        "value": 11.317988975542466
    }, 
    "Ar40": {
        "error": 0.58901527182581059, 
        "fit": "linear", 
        "value": 2085.8149948388827
    }, 
    "Ar41": {
        "error": 0.12011898658635575, 
        "fit": "average_SEM", 
        "value": -0.10771489571896381
    }
}