{
    "Ar36": {
        "error": 0.0012399219284520658, 
        "fit": "linear", 
        "value": 0.0073319341358662766
    }, 
    "Ar37": {
        "error": 0.15375528322373969, 
        "fit": "linear", 
        "value": 0.11681974394767175
    }, 
    "Ar38": {
        "error": 0.17218476446844666, 
        "fit": "linear", 
        "value": -0.14632323985809081
    }, 
    "Ar39": {
        "error": 0.067980133513556334, 
        "fit": "linear", 
        "value": 5.8215829700523329
    }, 
    "Ar40": {
        "error": 0.41991784047996672, 
        "fit": "linear", 
        "value": 1076.2996895194369
    }, 
    "Ar41": {
        "error": 0.11751335860369215, 
        "fit": "average_SEM", 
        "value": -0.11864228149255117
    }
}