{
    "Ar36": {
        "error": 0.0014602091069431799, 
        "fit": "linear", 
        "value": 0.010892452155689222
    }, 
    "Ar37": {
        "error": 0.14996954775630894, 
        "fit": "linear", 
        "value": 0.14663783930697463
    }, 
    "Ar38": {
        "error": 0.15586430724873529, 
        "fit": "linear", 
        "value": -0.020565626909091566
    }, 
    "Ar39": {
        "error": 0.066669868001201907, 
        "fit": "linear", 
        "value": 16.214469549556014
    }, 
    "Ar40": {
        "error": 0.7618207984501929, 
        "fit": "linear", 
        "value": 3001.0988070223993
    }, 
    "Ar41": {
        "error": 0.12521830853775567, 
        "fit": "average_SEM", 
        "value": -0.091435042520752172
    }
}