{
    "Ar36": {
        "error": 0.0015115127205418994, 
        "fit": "linear", 
        "value": 0.010125641063863494
    }, 
    "Ar37": {
        "error": 0.13838398530327048, 
        "fit": "linear", 
        "value": 0.096955613135120022
    }, 
    "Ar38": {
        "error": 0.27150177242268964, 
        "fit": "linear", 
        "value": 0.23441491585180046
    }, 
    "Ar39": {
        "error": 0.065743596731898557, 
        "fit": "linear", 
        "value": 9.2326080920132032
    }, 
    "Ar40": {
        "error": 0.53141106833276786, 
        "fit": "linear", 
        "value": 1707.8594534721574
    }, 
    "Ar41": {
        "error": 0.12540847355751869, 
        "fit": "average_SEM", 
        "value": -0.11862909736461007
    }
}