{
    "Ar36": {
        "error": 0.0012670892533747677, 
        "fit": "linear", 
        "value": 0.00705127511504282
    }, 
    "Ar37": {
        "error": 0.12745036443484631, 
        "fit": "linear", 
        "value": 0.10405010843880898
    }, 
    "Ar38": {
        "error": 0.26133933530076547, 
        "fit": "linear", 
        "value": 0.21000511859607701
    }, 
    "Ar39": {
        "error": 0.067922766976983462, 
        "fit": "linear", 
        "value": 9.0206483763241536
    }, 
    "Ar40": {
        "error": 0.58815650199607072, 
        "fit": "linear", 
        "value": 1662.1522797928687
    }, 
    "Ar41": {
        "error": 0.11544649473754773, 
        "fit": "average_SEM", 
        "value": -0.12074624944478274
    }
}