{
    "Ar36": {
        "error": 0.0013928107654910386, 
        "fit": "linear", 
        "value": 0.0071132382461336014
    }, 
    "Ar37": {
        "error": 0.12702494650540197, 
        "fit": "linear", 
        "value": 0.10349202949768951
    }, 
    "Ar38": {
        "error": 0.27388996189154957, 
        "fit": "linear", 
        "value": 0.22555096228135754
    }, 
    "Ar39": {
        "error": 0.067438945094359146, 
        "fit": "linear", 
        "value": 9.4670376122543249
    }, 
    "Ar40": {
        "error": 0.60163683256583045, 
        "fit": "linear", 
        "value": 1742.9991004101817
    }, 
    "Ar41": {
        "error": 0.10842560252113663, 
        "fit": "average_SEM", 
        "value": -0.11238854597089812
    }
}