{
    "Ar36": {
        "error": 0.0010452870415846147, 
        "fit": "linear", 
        "value": 0.0048952102145009765
    }, 
    "Ar37": {
        "error": 0.13083956379841583, 
        "fit": "linear", 
        "value": 0.065465520444079467
    }, 
    "Ar38": {
        "error": 0.26133520642063213, 
        "fit": "linear", 
        "value": 0.17411524290572911
    }, 
    "Ar39": {
        "error": 0.061094746509906123, 
        "fit": "linear", 
        "value": 5.5870407579553003
    }, 
    "Ar40": {
        "error": 0.39262731520236877, 
        "fit": "linear", 
        "value": 1031.327234918929
    }, 
    "Ar41": {
        "error": 0.11644555928765415, 
        "fit": "average_SEM", 
        "value": -0.13053624543206147
    }
}