{
    "Ar36": {
        "error": 0.0011992301012703705, 
        "fit": "linear", 
        "value": 0.0057886029190072708
    }, 
    "Ar37": {
        "error": 0.14992907730447169, 
        "fit": "linear", 
        "value": 0.091224077152723654
    }, 
    "Ar38": {
        "error": 0.254692169308678, 
        "fit": "linear", 
        "value": 0.19369670490295374
    }, 
    "Ar39": {
        "error": 0.058974383032774323, 
        "fit": "linear", 
        "value": 6.5635306182843678
    }, 
    "Ar40": {
        "error": 0.45234266143888585, 
        "fit": "linear", 
        "value": 1205.0774199511525
    }, 
    "Ar41": {
        "error": 0.12890588079326842, 
        "fit": "average_SEM", 
        "value": -0.12500911514429996
    }
}