{
    "Ar36": {
        "error": 0.0011671559237709083, 
        "fit": "linear", 
        "value": 0.0066656841310104003
    }, 
    "Ar37": {
        "error": 0.13071035220271615, 
        "fit": "linear", 
        "value": 0.092673340462667481
    }, 
    "Ar38": {
        "error": 0.27522041001545733, 
        "fit": "linear", 
        "value": 0.12003637703232864
    }, 
    "Ar39": {
        "error": 0.064548277248533334, 
        "fit": "linear", 
        "value": 4.1008781791343099
    }, 
    "Ar40": {
        "error": 0.35645088999914581, 
        "fit": "linear", 
        "value": 753.66408346996354
    }, 
    "Ar41": {
        "error": 0.12586796773000064, 
        "fit": "average_SEM", 
        "value": -0.13180088095206885
    }
}