{
    "Ar36": {
        "error": 0.0014319555948327919, 
        "fit": "linear", 
        "value": 0.007476539573976683
    }, 
    "Ar37": {
        "error": 0.14212074235338248, 
        "fit": "linear", 
        "value": 0.10901054378221595
    }, 
    "Ar38": {
        "error": 0.26922888572669496, 
        "fit": "linear", 
        "value": 0.30096069185093333
    }, 
    "Ar39": {
        "error": 0.060203206643665734, 
        "fit": "linear", 
        "value": 12.093251169645296
    }, 
    "Ar40": {
        "error": 0.59847037058674535, 
        "fit": "linear", 
        "value": 2221.2287741284035
    }, 
    "Ar41": {
        "error": 0.12318073388818525, 
        "fit": "average_SEM", 
        "value": -0.11661176077400645
    }
}