{
    "Ar36": {
        "error": 0.0011441899523686764, 
        "fit": "linear", 
        "value": 0.0062717289983081435
    }, 
    "Ar37": {
        "error": 0.14459102323727888, 
        "fit": "linear", 
        "value": 0.06748937824792374
    }, 
    "Ar38": {
        "error": 0.25996320077000201, 
        "fit": "linear", 
        "value": 0.20271872711434738
    }, 
    "Ar39": {
        "error": 0.059829292598282235, 
        "fit": "linear", 
        "value": 9.0735040551751815
    }, 
    "Ar40": {
        "error": 0.52305244046973587, 
        "fit": "linear", 
        "value": 1670.3449486430752
    }, 
    "Ar41": {
        "error": 0.12131558822746359, 
        "fit": "average_SEM", 
        "value": -0.1243807386389623
    }
}