{
    "Ar36": {
        "error": 0.0012071419358490243, 
        "fit": "linear", 
        "value": 0.0048066443617342759
    }, 
    "Ar37": {
        "error": 0.1322104945625967, 
        "fit": "linear", 
        "value": 0.079379602240494188
    }, 
    "Ar38": {
        "error": 0.25499800615401952, 
        "fit": "linear", 
        "value": 0.19982057940156461
    }, 
    "Ar39": {
        "error": 0.06017118802190851, 
        "fit": "linear", 
        "value": 8.8101840055747225
    }, 
    "Ar40": {
        "error": 0.51278148728180728, 
        "fit": "linear", 
        "value": 1620.724073553502
    }, 
    "Ar41": {
        "error": 0.12522718812744343, 
        "fit": "average_SEM", 
        "value": -0.1304117132797061
    }
}