{
    "Ar36": {
        "error": 0.0013290216761612217, 
        "fit": "linear", 
        "value": 0.0076069638631515888
    }, 
    "Ar37": {
        "error": 0.12744259358520982, 
        "fit": "linear", 
        "value": 0.088009770048732311
    }, 
    "Ar38": {
        "error": 0.26055105218165125, 
        "fit": "linear", 
        "value": 0.27216265212507473
    }, 
    "Ar39": {
        "error": 0.070206719572036766, 
        "fit": "linear", 
        "value": 12.785207071411655
    }, 
    "Ar40": {
        "error": 0.62156399048014799, 
        "fit": "linear", 
        "value": 2354.4957708884895
    }, 
    "Ar41": {
        "error": 0.1222045947471441, 
        "fit": "average_SEM", 
        "value": -0.12541686016290138
    }
}