{
    "Ar36": {
        "error": 0.0014835810068078046, 
        "fit": "linear", 
        "value": 0.010437554149793865
    }, 
    "Ar37": {
        "error": 0.1195883873366315, 
        "fit": "linear", 
        "value": 0.080636779273750903
    }, 
    "Ar38": {
        "error": 0.25462447020947093, 
        "fit": "linear", 
        "value": 0.15244908519334949
    }, 
    "Ar39": {
        "error": 0.064357813065477068, 
        "fit": "linear", 
        "value": 12.477085323698612
    }, 
    "Ar40": {
        "error": 0.61066944098576981, 
        "fit": "linear", 
        "value": 2299.0110474863941
    }, 
    "Ar41": {
        "error": 0.12180181902678028, 
        "fit": "average_SEM", 
        "value": -0.12041935893362582
    }
}