{
    "Ar36": {
        "error": 0.001619396090322484, 
        "fit": "linear", 
        "value": 0.0094502582722228966
    }, 
    "Ar37": {
        "error": 0.12168057761304599, 
        "fit": "linear", 
        "value": 0.13382821369431827
    }, 
    "Ar38": {
        "error": 0.27601339079097637, 
        "fit": "linear", 
        "value": 0.34036471662828416
    }, 
    "Ar39": {
        "error": 0.075617570285878399, 
        "fit": "linear", 
        "value": 19.432726229940691
    }, 
    "Ar40": {
        "error": 0.8474830684369461, 
        "fit": "linear", 
        "value": 3576.5729553361298
    }, 
    "Ar41": {
        "error": 0.13523836484216994, 
        "fit": "average_SEM", 
        "value": -0.069676349170816443
    }
}