{
    "Ar36": {
        "error": 0.0018580076118722049, 
        "fit": "linear", 
        "value": 0.013544990787515775
    }, 
    "Ar37": {
        "error": 0.12692508382169962, 
        "fit": "linear", 
        "value": 0.074509928773018652
    }, 
    "Ar38": {
        "error": 0.24287356529500162, 
        "fit": "linear", 
        "value": 0.22425817748475418
    }, 
    "Ar39": {
        "error": 0.071368497322960425, 
        "fit": "linear", 
        "value": 17.351865854507672
    }, 
    "Ar40": {
        "error": 0.78848184171306612, 
        "fit": "linear", 
        "value": 3199.1623044517673
    }, 
    "Ar41": {
        "error": 0.11937287003182444, 
        "fit": "average_SEM", 
        "value": -0.094632974884395177
    }
}