{
    "Ar36": {
        "error": 0.0013693745128324586, 
        "fit": "linear", 
        "value": 0.0096221990223014781
    }, 
    "Ar37": {
        "error": 0.14195933747719888, 
        "fit": "linear", 
        "value": 0.074267708749249595
    }, 
    "Ar38": {
        "error": 0.25037924497708286, 
        "fit": "linear", 
        "value": 0.13718297781741978
    }, 
    "Ar39": {
        "error": 0.060384623175409366, 
        "fit": "linear", 
        "value": 7.4243730715778771
    }, 
    "Ar40": {
        "error": 0.48198966395788179, 
        "fit": "linear", 
        "value": 1371.4155061464237
    }, 
    "Ar41": {
        "error": 0.12461829498995969, 
        "fit": "average_SEM", 
        "value": -0.12326788949634647
    }
}