{
    "Ar36": {
        "error": 0.0022303367252222458, 
        "fit": "linear", 
        "value": 0.023562075962519365
    }, 
    "Ar37": {
        "error": 0.13840040056889016, 
        "fit": "linear", 
        "value": 0.10456779583675083
    }, 
    "Ar38": {
        "error": 0.25756456905258468, 
        "fit": "linear", 
        "value": 0.29270019448197948
    }, 
    "Ar39": {
        "error": 0.06712863207870963, 
        "fit": "linear", 
        "value": 17.738490716011327
    }, 
    "Ar40": {
        "error": 0.78902329586776743, 
        "fit": "linear", 
        "value": 3277.297634507775
    }, 
    "Ar41": {
        "error": 0.11698798457370722, 
        "fit": "average_SEM", 
        "value": -0.078403368783959496
    }
}