{
    "Ar36": {
        "error": 0.0020238219582769585, 
        "fit": "linear", 
        "value": 0.018356729539961029
    }, 
    "Ar37": {
        "error": 0.12604789547697118, 
        "fit": "linear", 
        "value": 0.10609477293780588
    }, 
    "Ar38": {
        "error": 0.24742544093891661, 
        "fit": "linear", 
        "value": 0.24670121786321803
    }, 
    "Ar39": {
        "error": 0.06631150488031258, 
        "fit": "linear", 
        "value": 10.856687373477829
    }, 
    "Ar40": {
        "error": 0.5868636714508052, 
        "fit": "linear", 
        "value": 2011.2146769478527
    }, 
    "Ar41": {
        "error": 0.12207228969117004, 
        "fit": "average_SEM", 
        "value": -0.10246860856733596
    }
}