{
    "Ar36": {
        "error": 0.001768203527351917, 
        "fit": "linear", 
        "value": 0.017723319426373233
    }, 
    "Ar37": {
        "error": 0.14659909241754582, 
        "fit": "linear", 
        "value": 0.12837397461175043
    }, 
    "Ar38": {
        "error": 0.24953085814821638, 
        "fit": "linear", 
        "value": 0.19896151529294134
    }, 
    "Ar39": {
        "error": 0.064424817332545861, 
        "fit": "linear", 
        "value": 11.114805123526491
    }, 
    "Ar40": {
        "error": 0.56892144240432208, 
        "fit": "linear", 
        "value": 2060.5567663829934
    }, 
    "Ar41": {
        "error": 0.13024758447200294, 
        "fit": "average_SEM", 
        "value": -0.11074004409989963
    }
}