{
    "Ar36": {
        "error": 0.0013787945523787378, 
        "fit": "linear", 
        "value": 0.0073184377800023289
    }, 
    "Ar37": {
        "error": 0.12988300475881601, 
        "fit": "linear", 
        "value": 0.1382680505118663
    }, 
    "Ar38": {
        "error": 0.28086264835609098, 
        "fit": "linear", 
        "value": 0.22226854388611328
    }, 
    "Ar39": {
        "error": 0.062776546066207681, 
        "fit": "linear", 
        "value": 5.5516434350854524
    }, 
    "Ar40": {
        "error": 0.43213313617198024, 
        "fit": "linear", 
        "value": 1023.1815090447585
    }, 
    "Ar41": {
        "error": 0.11360801776463962, 
        "fit": "average_SEM", 
        "value": -0.11052117954396333
    }
}