{
    "Ar36": {
        "error": 0.0015707418936803674, 
        "fit": "linear", 
        "value": 0.012782841028394956
    }, 
    "Ar37": {
        "error": 0.1231489117194887, 
        "fit": "linear", 
        "value": 0.17195083897865754
    }, 
    "Ar38": {
        "error": 0.27725976807090591, 
        "fit": "linear", 
        "value": 0.30181214675338014
    }, 
    "Ar39": {
        "error": 0.059590169920011635, 
        "fit": "linear", 
        "value": 11.924714947636911
    }, 
    "Ar40": {
        "error": 0.62747621332573678, 
        "fit": "linear", 
        "value": 2204.4374112155119
    }, 
    "Ar41": {
        "error": 0.11825217783514842, 
        "fit": "average_SEM", 
        "value": -0.074723636949008021
    }
}