{
    "Ar36": {
        "error": 0.0020312229843950694, 
        "fit": "linear", 
        "value": 0.025982529393376752
    }, 
    "Ar37": {
        "error": 0.13024582808013827, 
        "fit": "linear", 
        "value": 0.16755759992472741
    }, 
    "Ar38": {
        "error": 0.23203263540030961, 
        "fit": "linear", 
        "value": -0.007577839750671304
    }, 
    "Ar39": {
        "error": 0.052101972137622056, 
        "fit": "linear", 
        "value": 6.4294467876747294
    }, 
    "Ar40": {
        "error": 0.4097285073357414, 
        "fit": "linear", 
        "value": 1191.6715077553581
    }, 
    "Ar41": {
        "error": 0.1358157077235059, 
        "fit": "average_SEM", 
        "value": -0.09130026700945261
    }
}