{
    "Ar36": {
        "error": 0.0023039308200002175, 
        "fit": "linear", 
        "value": 0.019793630669554564
    }, 
    "Ar37": {
        "error": 0.14758631335669797, 
        "fit": "linear", 
        "value": 0.17932268724796593
    }, 
    "Ar38": {
        "error": 0.30882622905482915, 
        "fit": "linear", 
        "value": 0.15839734299533295
    }, 
    "Ar39": {
        "error": 0.064688453419646533, 
        "fit": "linear", 
        "value": 8.9826697749902067
    }, 
    "Ar40": {
        "error": 0.53856625426196081, 
        "fit": "linear", 
        "value": 1655.1256271383306
    }, 
    "Ar41": {
        "error": 0.1224632823975613, 
        "fit": "average_SEM", 
        "value": 0.14299901752732694
    }
}