{
    "Ar36": {
        "error": 0.0012094441694660636, 
        "fit": "linear", 
        "value": 0.006066987240468614
    }, 
    "Ar37": {
        "error": 0.1350758010163102, 
        "fit": "linear", 
        "value": 0.13611341994356191
    }, 
    "Ar38": {
        "error": 0.28444246279070751, 
        "fit": "linear", 
        "value": -0.06853215209138705
    }, 
    "Ar39": {
        "error": 0.058996722502894137, 
        "fit": "linear", 
        "value": 3.7816149902887224
    }, 
    "Ar40": {
        "error": 0.33539564797782617, 
        "fit": "linear", 
        "value": 696.780236058235
    }, 
    "Ar41": {
        "error": 0.11594625935440148, 
        "fit": "average_SEM", 
        "value": 0.10084542033844628
    }
}