{
    "Ar36": {
        "error": 0.0015617897221519284, 
        "fit": "linear", 
        "value": 0.010952482952255193
    }, 
    "Ar37": {
        "error": 0.12286492975016625, 
        "fit": "linear", 
        "value": 0.21969253104927375
    }, 
    "Ar38": {
        "error": 0.34006076926029238, 
        "fit": "linear", 
        "value": 0.23076091449345826
    }, 
    "Ar39": {
        "error": 0.059246668182140867, 
        "fit": "linear", 
        "value": 8.1308948322583134
    }, 
    "Ar40": {
        "error": 0.49220558270041975, 
        "fit": "linear", 
        "value": 1494.9406093384932
    }, 
    "Ar41": {
        "error": 0.1264776847529602, 
        "fit": "average_SEM", 
        "value": 0.15599960376818975
    }
}