{
    "Ar36": {
        "error": 0.001924049089148452, 
        "fit": "linear", 
        "value": 0.016129883686613628
    }, 
    "Ar37": {
        "error": 0.12754323850608479, 
        "fit": "linear", 
        "value": 0.18133617861127516
    }, 
    "Ar38": {
        "error": 0.31995390509606131, 
        "fit": "linear", 
        "value": 0.2031798614567652
    }, 
    "Ar39": {
        "error": 0.063367247778804342, 
        "fit": "linear", 
        "value": 8.0366803008939467
    }, 
    "Ar40": {
        "error": 0.43795182132717136, 
        "fit": "linear", 
        "value": 1476.1032909237215
    }, 
    "Ar41": {
        "error": 0.13432295035498246, 
        "fit": "average_SEM", 
        "value": 0.13277565183884388
    }
}