{
    "Ar36": {
        "error": 0.001780827142894319, 
        "fit": "linear", 
        "value": 0.015715689918010537
    }, 
    "Ar37": {
        "error": 0.12838183449309359, 
        "fit": "linear", 
        "value": 0.20351966081346606
    }, 
    "Ar38": {
        "error": 0.33067275811597135, 
        "fit": "linear", 
        "value": 0.22312737414825143
    }, 
    "Ar39": {
        "error": 0.060521633222101127, 
        "fit": "linear", 
        "value": 4.6639311192801154
    }, 
    "Ar40": {
        "error": 0.36704726087768713, 
        "fit": "linear", 
        "value": 861.52837173649937
    }, 
    "Ar41": {
        "error": 0.13212993403893974, 
        "fit": "average_SEM", 
        "value": 0.12105292743838314
    }
}