{
    "Ar36": {
        "error": 0.0020145797943344683, 
        "fit": "linear", 
        "value": 0.021506250283394417
    }, 
    "Ar37": {
        "error": 0.12683958133449852, 
        "fit": "linear", 
        "value": 0.20821656953082937
    }, 
    "Ar38": {
        "error": 0.34066598713694252, 
        "fit": "linear", 
        "value": 0.33148798062709534
    }, 
    "Ar39": {
        "error": 0.068543175175655613, 
        "fit": "linear", 
        "value": 12.974738548504288
    }, 
    "Ar40": {
        "error": 0.67470212132283058, 
        "fit": "linear", 
        "value": 2390.113142945901
    }, 
    "Ar41": {
        "error": 0.12784226831277631, 
        "fit": "average_SEM", 
        "value": 0.17201746537350118
    }
}