{
    "Ar36": {
        "error": 0.0012662875579489321, 
        "fit": "linear", 
        "value": 0.008300831591618537
    }, 
    "Ar37": {
        "error": 0.13502954395694233, 
        "fit": "linear", 
        "value": 0.20624705888913047
    }, 
    "Ar38": {
        "error": 0.33008491537369228, 
        "fit": "linear", 
        "value": 0.18281968624233313
    }, 
    "Ar39": {
        "error": 0.065866070909589639, 
        "fit": "linear", 
        "value": 8.0334117111687604
    }, 
    "Ar40": {
        "error": 0.4801546565774254, 
        "fit": "linear", 
        "value": 1473.9635523049283
    }, 
    "Ar41": {
        "error": 0.12015319958731804, 
        "fit": "average_SEM", 
        "value": 0.15806349016328264
    }
}