{
    "Ar36": {
        "error": 0.0013005011365763092, 
        "fit": "linear", 
        "value": 0.0091675695398722671
    }, 
    "Ar37": {
        "error": 0.11720219030368843, 
        "fit": "linear", 
        "value": 0.22903864588956727
    }, 
    "Ar38": {
        "error": 0.33160977308367989, 
        "fit": "linear", 
        "value": 0.12678407428491376
    }, 
    "Ar39": {
        "error": 0.063189354944323636, 
        "fit": "linear", 
        "value": 2.2933266752170569
    }, 
    "Ar40": {
        "error": 0.2770945067360327, 
        "fit": "linear", 
        "value": 422.3756429615114
    }, 
    "Ar41": {
        "error": 0.12502439174965715, 
        "fit": "average_SEM", 
        "value": 0.13218374391959514
    }
}