{
    "Ar36": {
        "error": 0.0015847696317300001, 
        "fit": "linear", 
        "value": 0.0099617825773344326
    }, 
    "Ar37": {
        "error": 0.12739919438018965, 
        "fit": "linear", 
        "value": 0.20970814014797506
    }, 
    "Ar38": {
        "error": 0.32788839374046652, 
        "fit": "linear", 
        "value": 0.17453819036251411
    }, 
    "Ar39": {
        "error": 0.066392384591452636, 
        "fit": "linear", 
        "value": 4.2475424611323156
    }, 
    "Ar40": {
        "error": 0.35875251257589824, 
        "fit": "linear", 
        "value": 783.71401196237878
    }, 
    "Ar41": {
        "error": 0.14375407095099363, 
        "fit": "average_SEM", 
        "value": 0.15155787697682779
    }
}