{
    "Ar36": {
        "error": 0.0014821095167371233, 
        "fit": "linear", 
        "value": 0.0090218501506235532
    }, 
    "Ar37": {
        "error": 0.15062593443704222, 
        "fit": "linear", 
        "value": 0.26020669284201792
    }, 
    "Ar38": {
        "error": 0.3454559924358116, 
        "fit": "linear", 
        "value": 0.26352063596373487
    }, 
    "Ar39": {
        "error": 0.074451612464514955, 
        "fit": "linear", 
        "value": 14.926734258205796
    }, 
    "Ar40": {
        "error": 0.63545318401947148, 
        "fit": "linear", 
        "value": 2757.2999023753719
    }, 
    "Ar41": {
        "error": 0.13099946916517061, 
        "fit": "average_SEM", 
        "value": 0.18541392433534687
    }
}