{
    "Ar36": {
        "error": 0.0018813788150921602, 
        "fit": "linear", 
        "value": 0.019666138956112751
    }, 
    "Ar37": {
        "error": 0.13221919284123174, 
        "fit": "linear", 
        "value": 0.24267084618283991
    }, 
    "Ar38": {
        "error": 0.26561080775712398, 
        "fit": "linear", 
        "value": 0.29589420584320203
    }, 
    "Ar39": {
        "error": 0.067455323407586976, 
        "fit": "linear", 
        "value": 12.276025020349685
    }, 
    "Ar40": {
        "error": 0.62494450938278789, 
        "fit": "linear", 
        "value": 2266.1436923157239
    }, 
    "Ar41": {
        "error": 0.13424941913952879, 
        "fit": "average_SEM", 
        "value": -0.020886400691233577
    }
}