{
    "Ar36": {
        "error": 0.0011965665972065013, 
        "fit": "linear", 
        "value": 0.007819334716759602
    }, 
    "Ar37": {
        "error": 0.13155623806470249, 
        "fit": "linear", 
        "value": 0.26024278731354233
    }, 
    "Ar38": {
        "error": 0.27045889812997953, 
        "fit": "linear", 
        "value": 0.25680443173579592
    }, 
    "Ar39": {
        "error": 0.067413315212266303, 
        "fit": "linear", 
        "value": 9.2554736958568373
    }, 
    "Ar40": {
        "error": 0.60247763027811851, 
        "fit": "linear", 
        "value": 1707.3162566668607
    }, 
    "Ar41": {
        "error": 0.14174166194721138, 
        "fit": "average_SEM", 
        "value": -0.018951323425086836
    }
}