{
    "Ar36": {
        "error": 0.0012621611346098787, 
        "fit": "linear", 
        "value": 0.0084552744903202692
    }, 
    "Ar37": {
        "error": 0.13771280444822803, 
        "fit": "linear", 
        "value": 0.22478412859757133
    }, 
    "Ar38": {
        "error": 0.25788641883150426, 
        "fit": "linear", 
        "value": 0.20696723910876796
    }, 
    "Ar39": {
        "error": 0.061585394364231265, 
        "fit": "linear", 
        "value": 5.5652718635404135
    }, 
    "Ar40": {
        "error": 0.37205389219049584, 
        "fit": "linear", 
        "value": 1025.0597253907865
    }, 
    "Ar41": {
        "error": 0.12769446929731507, 
        "fit": "average_SEM", 
        "value": -0.026401244152026871
    }
}