{
    "Ar36": {
        "error": 0.0018223587599595051, 
        "fit": "linear", 
        "value": 0.024096867960423395
    }, 
    "Ar37": {
        "error": 0.12585943468486721, 
        "fit": "linear", 
        "value": 0.23719225092926716
    }, 
    "Ar38": {
        "error": 0.25364560062789282, 
        "fit": "linear", 
        "value": 0.37572139977043856
    }, 
    "Ar39": {
        "error": 0.069597433557131536, 
        "fit": "linear", 
        "value": 14.812675711118949
    }, 
    "Ar40": {
        "error": 0.74729328121029581, 
        "fit": "linear", 
        "value": 2734.6866727445195
    }, 
    "Ar41": {
        "error": 0.11922107717461458, 
        "fit": "average_SEM", 
        "value": 0.0019016056763454495
    }
}