{
    "Ar36": {
        "error": 0.0014162703628738667, 
        "fit": "linear", 
        "value": 0.012141720675583331
    }, 
    "Ar37": {
        "error": 0.12740728075663849, 
        "fit": "linear", 
        "value": 0.21089762266829462
    }, 
    "Ar38": {
        "error": 0.27545526369255136, 
        "fit": "linear", 
        "value": 0.29216549458866503
    }, 
    "Ar39": {
        "error": 0.060608392508060951, 
        "fit": "linear", 
        "value": 7.6399228133818831
    }, 
    "Ar40": {
        "error": 0.52417619925421821, 
        "fit": "linear", 
        "value": 1404.8855131368678
    }, 
    "Ar41": {
        "error": 0.12170236265076788, 
        "fit": "average_SEM", 
        "value": -0.046157810809090732
    }
}