{
    "Ar36": {
        "error": 0.0017785598877829464, 
        "fit": "linear", 
        "value": 0.015894047165549284
    }, 
    "Ar37": {
        "error": 0.12294423269896064, 
        "fit": "linear", 
        "value": 0.26923178667210063
    }, 
    "Ar38": {
        "error": 0.25225536469593807, 
        "fit": "linear", 
        "value": 0.32189925726772056
    }, 
    "Ar39": {
        "error": 0.063788827573114298, 
        "fit": "linear", 
        "value": 13.415765184634253
    }, 
    "Ar40": {
        "error": 0.7026137681504866, 
        "fit": "linear", 
        "value": 2476.9439430312996
    }, 
    "Ar41": {
        "error": 0.12203300826671372, 
        "fit": "average_SEM", 
        "value": -0.024277477514503213
    }
}