{
    "Ar36": {
        "error": 0.0014852214690142548, 
        "fit": "linear", 
        "value": 0.012679211695733324
    }, 
    "Ar37": {
        "error": 0.14082574231013739, 
        "fit": "linear", 
        "value": 0.25044422568390023
    }, 
    "Ar38": {
        "error": 0.25463967555999412, 
        "fit": "linear", 
        "value": 0.38285785759515889
    }, 
    "Ar39": {
        "error": 0.064307623407925771, 
        "fit": "linear", 
        "value": 12.213556608433104
    }, 
    "Ar40": {
        "error": 0.69116677119379133, 
        "fit": "linear", 
        "value": 2253.1511715137253
    }, 
    "Ar41": {
        "error": 0.11303646475820095, 
        "fit": "average_SEM", 
        "value": -0.0078653580524648235
    }
}