{
    "Ar36": {
        "error": 0.0014391771710577531, 
        "fit": "linear", 
        "value": 0.0095642690025517681
    }, 
    "Ar37": {
        "error": 0.13235640531740178, 
        "fit": "linear", 
        "value": 0.24537274037585349
    }, 
    "Ar38": {
        "error": 0.25424449080196693, 
        "fit": "linear", 
        "value": 0.24620200764312136
    }, 
    "Ar39": {
        "error": 0.055290014254865495, 
        "fit": "linear", 
        "value": 5.1550824635952637
    }, 
    "Ar40": {
        "error": 0.42024114270530211, 
        "fit": "linear", 
        "value": 944.73227826957634
    }, 
    "Ar41": {
        "error": 0.13051172587230911, 
        "fit": "average_SEM", 
        "value": -0.041937463001037636
    }
}