{
    "Ar36": {
        "error": 0.0012494018110892852, 
        "fit": "linear", 
        "value": 0.0080763073703898937
    }, 
    "Ar37": {
        "error": 0.13430994747009226, 
        "fit": "linear", 
        "value": 0.24476324438680241
    }, 
    "Ar38": {
        "error": 0.25534381127447292, 
        "fit": "linear", 
        "value": 0.30403149408498442
    }, 
    "Ar39": {
        "error": 0.069071528713513561, 
        "fit": "linear", 
        "value": 9.7233135573457066
    }, 
    "Ar40": {
        "error": 0.57390597242216801, 
        "fit": "linear", 
        "value": 1786.3432966553264
    }, 
    "Ar41": {
        "error": 0.12146249592703437, 
        "fit": "average_SEM", 
        "value": -0.036689955167870117
    }
}