{
    "Ar36": {
        "error": 6.9001369255860876e-20, 
        "fit": "linear", 
        "value": 0.00015600924962200224
    }, 
    "Ar37": {
        "error": 0.0, 
        "fit": "linear", 
        "value": 0.45847919583320618
    }, 
    "Ar38": {
        "error": 1.2136473717222319e-16, 
        "fit": "linear", 
        "value": -0.17816910147666939
    }, 
    "Ar39": {
        "error": 4.104659942225416e-17, 
        "fit": "linear", 
        "value": -0.063040256500244141
    }, 
    "Ar40": {
        "error": 2.4755897967002726e-18, 
        "fit": "linear", 
        "value": 0.0090142330154776608
    }, 
    "Ar41": {
        "error": 0.0, 
        "fit": "average_SEM", 
        "value": -0.11481990665197372
    }
}