{
    "Ar36": {
        "error": 0.0015427898466161721, 
        "fit": "linear", 
        "value": 0.010212307320822487
    }, 
    "Ar37": {
        "error": 0.13741511956704192, 
        "fit": "linear", 
        "value": 0.21730445601771503
    }, 
    "Ar38": {
        "error": 0.26216619414070153, 
        "fit": "linear", 
        "value": 0.30372586983201344
    }, 
    "Ar39": {
        "error": 0.057753754456584191, 
        "fit": "linear", 
        "value": 5.4066551931572153
    }, 
    "Ar40": {
        "error": 0.39065628069545005, 
        "fit": "linear", 
        "value": 993.31919836172779
    }, 
    "Ar41": {
        "error": 0.12043374304358244, 
        "fit": "average_SEM", 
        "value": -0.035873212856240573
    }
}