{
    "Ar36": {
        "error": 0.0019349773930800722, 
        "fit": "linear", 
        "value": 0.019803547702074854
    }, 
    "Ar37": {
        "error": 0.13275913041642698, 
        "fit": "linear", 
        "value": 0.23120136590982157
    }, 
    "Ar38": {
        "error": 0.25515065014168908, 
        "fit": "linear", 
        "value": 0.31542038692010521
    }, 
    "Ar39": {
        "error": 0.071576626749286831, 
        "fit": "linear", 
        "value": 9.244074530414137
    }, 
    "Ar40": {
        "error": 0.52612879313700556, 
        "fit": "linear", 
        "value": 1694.6609005729226
    }, 
    "Ar41": {
        "error": 0.11900332881441918, 
        "fit": "average_SEM", 
        "value": -0.0268511809106955
    }
}