{
    "Ar36": {
        "error": 0.0014571137776002952, 
        "fit": "linear", 
        "value": 0.0086264754279343873
    }, 
    "Ar37": {
        "error": 0.12491284032423895, 
        "fit": "linear", 
        "value": 0.25389730256405973
    }, 
    "Ar38": {
        "error": 0.25893831362149866, 
        "fit": "linear", 
        "value": 0.29844438790243283
    }, 
    "Ar39": {
        "error": 0.061637021702943134, 
        "fit": "linear", 
        "value": 8.1937643063389434
    }, 
    "Ar40": {
        "error": 0.5567355421600283, 
        "fit": "linear", 
        "value": 1505.2081687959208
    }, 
    "Ar41": {
        "error": 0.12660797857079767, 
        "fit": "average_SEM", 
        "value": -0.015932770823322548
    }
}