{
    "Ar36": {
        "error": 0.0017528833716740412, 
        "fit": "linear", 
        "value": 0.015223628697189098
    }, 
    "Ar37": {
        "error": 0.13283378586535372, 
        "fit": "linear", 
        "value": 0.28849186270074539
    }, 
    "Ar38": {
        "error": 0.27193589753182157, 
        "fit": "linear", 
        "value": 0.36444660054179812
    }, 
    "Ar39": {
        "error": 0.060214295632209321, 
        "fit": "linear", 
        "value": 10.800944570913661
    }, 
    "Ar40": {
        "error": 0.56426784150739562, 
        "fit": "linear", 
        "value": 1983.0902815605998
    }, 
    "Ar41": {
        "error": 0.11287419431375371, 
        "fit": "average_SEM", 
        "value": -0.013076882688328623
    }
}