{
    "Ar36": {
        "error": 0.0036609050183644106, 
        "fit": "linear", 
        "value": 0.069364161856943274
    }, 
    "Ar37": {
        "error": 0.13039060328946059, 
        "fit": "linear", 
        "value": 0.28337189352384906
    }, 
    "Ar38": {
        "error": 0.28397567651726507, 
        "fit": "linear", 
        "value": 0.49068220560079978
    }, 
    "Ar39": {
        "error": 0.078359944045442595, 
        "fit": "linear", 
        "value": 21.24102393719194
    }, 
    "Ar40": {
        "error": 0.98634438014168324, 
        "fit": "linear", 
        "value": 3902.8701635837938
    }, 
    "Ar41": {
        "error": 0.13412873290767566, 
        "fit": "average_SEM", 
        "value": 0.028482266037462976
    }
}