{
    "Ar36": {
        "error": 0.0017805128003506971, 
        "fit": "linear", 
        "value": 0.016231679130390704
    }, 
    "Ar37": {
        "error": 0.13683312929682526, 
        "fit": "linear", 
        "value": 0.24709287357267795
    }, 
    "Ar38": {
        "error": 0.2832064343433261, 
        "fit": "linear", 
        "value": 0.36655141103130151
    }, 
    "Ar39": {
        "error": 0.068879454481139482, 
        "fit": "linear", 
        "value": 9.6083281254514752
    }, 
    "Ar40": {
        "error": 0.57706039150709842, 
        "fit": "linear", 
        "value": 1760.8693664764533
    }, 
    "Ar41": {
        "error": 0.13061830938320254, 
        "fit": "average_SEM", 
        "value": -0.010241431609417002
    }
}