{
    "AX": {
        "error": 0.052262297355118635, 
        "fit": "average_SEM", 
        "value": -0.01822295459084368
    }, 
    "CDD": {
        "error": 3.414399193128503e-05, 
        "fit": "average_SEM", 
        "value": 7.800462481100112e-06
    }, 
    "H1": {
        "error": 0.11905475894242228, 
        "fit": "average_SEM", 
        "value": 0.15043000005728877
    }, 
    "H2": {
        "error": 0.13254476874088816, 
        "fit": "average_SEM", 
        "value": -0.06572128869011067
    }, 
    "L1": {
        "error": 0.25394230355021213, 
        "fit": "average_SEM", 
        "value": 0.16829876557458193
    }, 
    "L2": {
        "error": 0.1188121034674319, 
        "fit": "average_SEM", 
        "value": 0.20423890428307157
    }
}