{
    "AX": {
        "error": 0.05535473973864449, 
        "fit": "average_SEM", 
        "value": -0.020111796010072187
    }, 
    "CDD": {
        "error": 4.6999013797117754e-05, 
        "fit": "average_SEM", 
        "value": 1.5600924962200223e-05
    }, 
    "H1": {
        "error": 0.12609281695969268, 
        "fit": "average_SEM", 
        "value": 0.11706046264541024
    }, 
    "H2": {
        "error": 0.1575297399416395, 
        "fit": "average_SEM", 
        "value": -0.08193432188272709
    }, 
    "L1": {
        "error": 0.32100003969926016, 
        "fit": "average_SEM", 
        "value": 0.06757723841049786
    }, 
    "L2": {
        "error": 0.12697658652469432, 
        "fit": "average_SEM", 
        "value": 0.1641284436385225
    }
}