{
    "AX": {
        "error": 0.05242065348619432, 
        "fit": "average_SEM", 
        "value": -0.018777121834682477
    }, 
    "CDD": {
        "error": 5.561917708245852e-05, 
        "fit": "average_SEM", 
        "value": 1.950115620275028e-05
    }, 
    "H1": {
        "error": 0.11569759940260767, 
        "fit": "average_SEM", 
        "value": 0.2160352838192163
    }, 
    "H2": {
        "error": 0.1515762403012731, 
        "fit": "average_SEM", 
        "value": -0.03141052336820091
    }, 
    "L1": {
        "error": 0.2431066217828064, 
        "fit": "average_SEM", 
        "value": 0.16180476964218543
    }, 
    "L2": {
        "error": 0.12292329050191901, 
        "fit": "average_SEM", 
        "value": 0.2587672989660253
    }
}