{
    "AX": {
        "error": 0.05197100904184263, 
        "fit": "average_SEM", 
        "value": -0.0028546229215256364
    }, 
    "CDD": {
        "error": 4.952410562881188e-05, 
        "fit": "average_SEM", 
        "value": 1.4300847882016872e-05
    }, 
    "H1": {
        "error": 0.12678666221198664, 
        "fit": "average_SEM", 
        "value": 0.007462563877925277
    }, 
    "H2": {
        "error": 0.14891126547755085, 
        "fit": "average_SEM", 
        "value": -0.22377305949339643
    }, 
    "L1": {
        "error": 0.2595888020168397, 
        "fit": "average_SEM", 
        "value": -0.040276053824345584
    }, 
    "L2": {
        "error": 0.149192256681776, 
        "fit": "average_SEM", 
        "value": -0.03366920859455907
    }
}