{
    "AX": {
        "error": 0.059633608148365956, 
        "fit": "average_SEM", 
        "value": -0.01184791999112349
    }, 
    "CDD": {
        "error": 3.414399193128503e-05, 
        "fit": "average_SEM", 
        "value": 7.800462481100112e-06
    }, 
    "H1": {
        "error": 0.11703964934081075, 
        "fit": "average_SEM", 
        "value": 0.06877109164197463
    }, 
    "H2": {
        "error": 0.1507274971676076, 
        "fit": "average_SEM", 
        "value": -0.045802074286621065
    }, 
    "L1": {
        "error": 0.3126320228853572, 
        "fit": "average_SEM", 
        "value": 0.03437430464352171
    }, 
    "L2": {
        "error": 0.1381434063309345, 
        "fit": "average_SEM", 
        "value": 0.09453568930233208
    }
}