{
    "Ar36": {
        "error": 0.0062309976969771551, 
        "fit": "parabolic", 
        "value": 0.26485950295948835
    }, 
    "Ar37": {
        "error": 0.13575146752823247, 
        "fit": "linear", 
        "value": 0.11172905297588526
    }, 
    "Ar38": {
        "error": 0.31869268508697651, 
        "fit": "linear", 
        "value": 0.075515185556191911
    }, 
    "Ar39": {
        "error": 0.058274434346404953, 
        "fit": "parabolic", 
        "value": 0.0059978564768479103
    }, 
    "Ar40": {
        "error": 0.16952805556794862, 
        "fit": "parabolic", 
        "value": 81.005524932872589
    }, 
    "Ar41": {
        "error": 0.12832878354359673, 
        "fit": "average_SEM", 
        "value": 0.062660060199341394
    }
}