{
    "Ar36": {
        "error": 0.0065440925676108304, 
        "fit": "parabolic", 
        "value": 0.2655848499670605
    }, 
    "Ar37": {
        "error": 0.13237690970892727, 
        "fit": "linear", 
        "value": 0.30584674793815342
    }, 
    "Ar38": {
        "error": 0.2745071433192891, 
        "fit": "linear", 
        "value": 0.26667602314344224
    }, 
    "Ar39": {
        "error": 0.059103428435058815, 
        "fit": "parabolic", 
        "value": -0.00053045152613591297
    }, 
    "Ar40": {
        "error": 0.17116660839045483, 
        "fit": "parabolic", 
        "value": 81.270659990019681
    }, 
    "Ar41": {
        "error": 0.13672228863797026, 
        "fit": "average_SEM", 
        "value": -0.0053962289840274024
    }
}