{
    "Ar36": {
        "error": 0.0063687458472755061, 
        "fit": "parabolic", 
        "value": 0.26557629703676167
    }, 
    "Ar37": {
        "error": 0.12024838013741083, 
        "fit": "linear", 
        "value": 0.062500653664110811
    }, 
    "Ar38": {
        "error": 0.25907952710504289, 
        "fit": "linear", 
        "value": 0.12386501183657536
    }, 
    "Ar39": {
        "error": 0.058002718818963468, 
        "fit": "parabolic", 
        "value": 0.010369490998972553
    }, 
    "Ar40": {
        "error": 0.1483940614479122, 
        "fit": "parabolic", 
        "value": 81.003650236387799
    }, 
    "Ar41": {
        "error": 0.11776414992825382, 
        "fit": "average_SEM", 
        "value": -0.15095447576270091
    }
}