{
    "Ar36": {
        "error": 0.0062097324449587356, 
        "fit": "parabolic", 
        "value": 0.26618706501999756
    }, 
    "Ar37": {
        "error": 0.1317296616947714, 
        "fit": "linear", 
        "value": 0.26695063591977541
    }, 
    "Ar38": {
        "error": 0.23652294245366817, 
        "fit": "linear", 
        "value": 0.22445003238069461
    }, 
    "Ar39": {
        "error": 0.050808045130248135, 
        "fit": "parabolic", 
        "value": 0.012240257576689667
    }, 
    "Ar40": {
        "error": 0.17435907685753066, 
        "fit": "parabolic", 
        "value": 81.305933906753154
    }, 
    "Ar41": {
        "error": 0.12719563134122056, 
        "fit": "average_SEM", 
        "value": -0.025716699976401289
    }
}