{
    "Ar36": {
        "error": 0.0066261980208353315, 
        "fit": "parabolic", 
        "value": 0.26574239003971978
    }, 
    "Ar37": {
        "error": 0.13760477550321537, 
        "fit": "linear", 
        "value": -0.050329788037498338
    }, 
    "Ar38": {
        "error": 0.29136908118986715, 
        "fit": "linear", 
        "value": 0.063590272479661342
    }, 
    "Ar39": {
        "error": 0.064633451860013819, 
        "fit": "parabolic", 
        "value": 0.010735565044364969
    }, 
    "Ar40": {
        "error": 0.17741698764810451, 
        "fit": "parabolic", 
        "value": 81.209553606289035
    }, 
    "Ar41": {
        "error": 0.12398541178590583, 
        "fit": "average_SEM", 
        "value": -0.21581730637932195
    }
}