{
    "Ar36": {
        "error": 0.0066402100943925308, 
        "fit": "parabolic", 
        "value": 0.26430670870522444
    }, 
    "Ar37": {
        "error": 0.13334946335007469, 
        "fit": "linear", 
        "value": 0.10423579830611709
    }, 
    "Ar38": {
        "error": 0.27271353604650328, 
        "fit": "linear", 
        "value": -0.14520499696193775
    }, 
    "Ar39": {
        "error": 0.059449594060641653, 
        "fit": "parabolic", 
        "value": 0.014169970591455933
    }, 
    "Ar40": {
        "error": 0.16598520941063608, 
        "fit": "parabolic", 
        "value": 80.989257163149759
    }, 
    "Ar41": {
        "error": 0.12428313841810532, 
        "fit": "average_SEM", 
        "value": -0.13873139922830888
    }
}