{
    "Ar36": {
        "error": 0.006455959906135152, 
        "fit": "parabolic", 
        "value": 0.26586255633781786
    }, 
    "Ar37": {
        "error": 0.13687628695700665, 
        "fit": "linear", 
        "value": 0.2909548007656263
    }, 
    "Ar38": {
        "error": 0.24051520917947336, 
        "fit": "linear", 
        "value": 0.23466562234073968
    }, 
    "Ar39": {
        "error": 0.05608192600093008, 
        "fit": "parabolic", 
        "value": -0.0014937061311831078
    }, 
    "Ar40": {
        "error": 0.17463887566241568, 
        "fit": "parabolic", 
        "value": 81.239249388659445
    }, 
    "Ar41": {
        "error": 0.13716590337837506, 
        "fit": "average_SEM", 
        "value": -0.0089044570077749085
    }
}