{
    "Ar36": {
        "error": 0.0060885784929933179, 
        "fit": "parabolic", 
        "value": 0.26333368469078366
    }, 
    "Ar37": {
        "error": 0.13855049124049365, 
        "fit": "linear", 
        "value": 0.16061855264184427
    }, 
    "Ar38": {
        "error": 0.31718824194214673, 
        "fit": "linear", 
        "value": 0.12708452464523273
    }, 
    "Ar39": {
        "error": 0.06141957390551097, 
        "fit": "parabolic", 
        "value": 0.0087092795747880855
    }, 
    "Ar40": {
        "error": 0.17081511841151625, 
        "fit": "parabolic", 
        "value": 81.076704034125612
    }, 
    "Ar41": {
        "error": 0.1201425811709019, 
        "fit": "average_SEM", 
        "value": 0.11670791821728926
    }
}