{
    "Ar36": {
        "error": 0.0063869661351057599, 
        "fit": "parabolic", 
        "value": 0.26543339166554625
    }, 
    "Ar37": {
        "error": 0.13377501167653438, 
        "fit": "linear", 
        "value": 0.19938920777173813
    }, 
    "Ar38": {
        "error": 0.33398051974091386, 
        "fit": "linear", 
        "value": 0.13551651417067198
    }, 
    "Ar39": {
        "error": 0.055856394924318223, 
        "fit": "parabolic", 
        "value": 0.01558196350883638
    }, 
    "Ar40": {
        "error": 0.16729174713926986, 
        "fit": "parabolic", 
        "value": 81.096253369498584
    }, 
    "Ar41": {
        "error": 0.11955640463292629, 
        "fit": "average_SEM", 
        "value": 0.12295827151696358
    }
}