{
    "Ar36": {
        "error": 0.0010706657915738496, 
        "fit": "parabolic", 
        "value": 0.0033751836273036096
    }, 
    "Ar37": {
        "error": 0.13213396239319383, 
        "fit": "linear", 
        "value": 0.1157115716111852
    }, 
    "Ar38": {
        "error": 0.28718087837788453, 
        "fit": "linear", 
        "value": 0.1366835052640103
    }, 
    "Ar39": {
        "error": 0.058863404464273412, 
        "fit": "parabolic", 
        "value": 0.0089534249633613644
    }, 
    "Ar40": {
        "error": 0.13537137573254329, 
        "fit": "parabolic", 
        "value": 0.9412702858808355
    }, 
    "Ar41": {
        "error": 0.11528138015056973, 
        "fit": "average_SEM", 
        "value": -0.11598705680895365
    }
}