{
    "Ar36": {
        "error": 0.0012168423010331672, 
        "fit": "parabolic", 
        "value": 0.007152494549145726
    }, 
    "Ar37": {
        "error": 0.13231841508521588, 
        "fit": "linear", 
        "value": 0.35047674839229814
    }, 
    "Ar38": {
        "error": 0.12937960911904539, 
        "fit": "linear", 
        "value": 0.23330240295457627
    }, 
    "Ar39": {
        "error": 0.055204660461081134, 
        "fit": "parabolic", 
        "value": -0.0088071353914697843
    }, 
    "Ar40": {
        "error": 0.12909663038568628, 
        "fit": "parabolic", 
        "value": 2.310770296876087
    }, 
    "Ar41": {
        "error": 0.12802471371511703, 
        "fit": "average_SEM", 
        "value": 0.02420824030181393
    }
}