{
    "Ar36": {
        "error": 0.00099603458667844066, 
        "fit": "parabolic", 
        "value": 0.0029735111226751173
    }, 
    "Ar37": {
        "error": 0.13129210367271221, 
        "fit": "linear", 
        "value": 0.19145625636059749
    }, 
    "Ar38": {
        "error": 0.32486226167066529, 
        "fit": "linear", 
        "value": 0.11390547441386692
    }, 
    "Ar39": {
        "error": 0.056681215339634917, 
        "fit": "parabolic", 
        "value": -0.0054400544148927032
    }, 
    "Ar40": {
        "error": 0.13310858642692544, 
        "fit": "parabolic", 
        "value": 0.90921823116134326
    }, 
    "Ar41": {
        "error": 0.12592672392823082, 
        "fit": "average_SEM", 
        "value": 0.10960774274273717
    }
}