{
    "Ar36": {
        "error": 0.0012035917268167222, 
        "fit": "parabolic", 
        "value": 0.0063547711377688046
    }, 
    "Ar37": {
        "error": 0.13315833259403786, 
        "fit": "linear", 
        "value": -0.02523276955448904
    }, 
    "Ar38": {
        "error": 0.2750492838807887, 
        "fit": "linear", 
        "value": 0.0018701675982456169
    }, 
    "Ar39": {
        "error": 0.055034944533860777, 
        "fit": "parabolic", 
        "value": 0.0072329740145368176
    }, 
    "Ar40": {
        "error": 0.13385198013001784, 
        "fit": "parabolic", 
        "value": 1.5927949219480861
    }, 
    "Ar41": {
        "error": 0.12549552295858168, 
        "fit": "average_SEM", 
        "value": -0.22388215097103967
    }
}