{
    "Ar36": {
        "error": 0.0010344862632668335, 
        "fit": "parabolic", 
        "value": 0.0041324801181593217
    }, 
    "Ar37": {
        "error": 0.12862296926760627, 
        "fit": "linear", 
        "value": 0.29122507307854961
    }, 
    "Ar38": {
        "error": 0.28717832809777005, 
        "fit": "linear", 
        "value": 0.18366062447219494
    }, 
    "Ar39": {
        "error": 0.057600170700775062, 
        "fit": "parabolic", 
        "value": -0.015864664374182959
    }, 
    "Ar40": {
        "error": 0.13095905151222936, 
        "fit": "parabolic", 
        "value": 1.1965369098582044
    }, 
    "Ar41": {
        "error": 0.14536714986710975, 
        "fit": "average_SEM", 
        "value": 0.1686960655067378
    }
}