{
    "Ar36": {
        "error": 0.0011593004763113233, 
        "fit": "parabolic", 
        "value": 0.0052618672735982152
    }, 
    "Ar37": {
        "error": 0.13359016127998988, 
        "fit": "linear", 
        "value": -0.024020520880956329
    }, 
    "Ar38": {
        "error": 0.25374244746893909, 
        "fit": "linear", 
        "value": -0.019002549259468263
    }, 
    "Ar39": {
        "error": 0.060592693321278555, 
        "fit": "parabolic", 
        "value": 7.5725107597584065e-05
    }, 
    "Ar40": {
        "error": 0.12519286143637431, 
        "fit": "parabolic", 
        "value": 1.5623892386443274
    }, 
    "Ar41": {
        "error": 0.12187947968064584, 
        "fit": "average_SEM", 
        "value": -0.21635386821755673
    }
}