{
    "Ar36": {
        "error": 0.0010192961419371413, 
        "fit": "parabolic", 
        "value": 0.0034097282714108646
    }, 
    "Ar37": {
        "error": 0.13103836927272436, 
        "fit": "linear", 
        "value": 0.18422558610499995
    }, 
    "Ar38": {
        "error": 0.32134218590110691, 
        "fit": "linear", 
        "value": 0.094480598780976033
    }, 
    "Ar39": {
        "error": 0.05872836461444704, 
        "fit": "parabolic", 
        "value": -0.0031849710055734557
    }, 
    "Ar40": {
        "error": 0.13376316402948987, 
        "fit": "parabolic", 
        "value": 0.92196697320327581
    }, 
    "Ar41": {
        "error": 0.12442064649714865, 
        "fit": "average_SEM", 
        "value": 0.12014890641032253
    }
}