{
    "Ar36": {
        "error": 0.0010539551801649477, 
        "fit": "parabolic", 
        "value": 0.0030621026893580413
    }, 
    "Ar37": {
        "error": 0.13194175630602312, 
        "fit": "linear", 
        "value": 0.19186151544402386
    }, 
    "Ar38": {
        "error": 0.31073557132760604, 
        "fit": "linear", 
        "value": 0.10069808626350765
    }, 
    "Ar39": {
        "error": 0.061233653765815368, 
        "fit": "parabolic", 
        "value": 0.0035799048706238222
    }, 
    "Ar40": {
        "error": 0.14017874470745328, 
        "fit": "parabolic", 
        "value": 0.94652047571605447
    }, 
    "Ar41": {
        "error": 0.12166781275948743, 
        "fit": "average_SEM", 
        "value": 0.11588415405814885
    }
}