{
    "Ar36": {
        "error": 0.00095974057512773162, 
        "fit": "parabolic", 
        "value": 0.003652545445908045
    }, 
    "Ar37": {
        "error": 0.12996879915482956, 
        "fit": "linear", 
        "value": 0.079387471266905318
    }, 
    "Ar38": {
        "error": 0.33805529397650746, 
        "fit": "linear", 
        "value": 0.064207633323386679
    }, 
    "Ar39": {
        "error": 0.061994148243977039, 
        "fit": "parabolic", 
        "value": 0.010126905749335852
    }, 
    "Ar40": {
        "error": 0.12328220946174334, 
        "fit": "parabolic", 
        "value": 0.97899272917858826
    }, 
    "Ar41": {
        "error": 0.12564167133940812, 
        "fit": "average_SEM", 
        "value": -0.14288932687457417
    }
}