{
    "Ar36": {
        "error": 0.0010904392623259217, 
        "fit": "parabolic", 
        "value": 0.0050306046672662034
    }, 
    "Ar37": {
        "error": 0.13494727225827663, 
        "fit": "linear", 
        "value": 0.21654448338847931
    }, 
    "Ar38": {
        "error": 0.30262681518856233, 
        "fit": "linear", 
        "value": 0.14145107030170587
    }, 
    "Ar39": {
        "error": 0.060233194512696021, 
        "fit": "parabolic", 
        "value": -0.011303056483630636
    }, 
    "Ar40": {
        "error": 0.13555656919025469, 
        "fit": "parabolic", 
        "value": 1.466457605336366
    }, 
    "Ar41": {
        "error": 0.14625225142855031, 
        "fit": "average_SEM", 
        "value": -0.070262851346342359
    }
}