{
    "Ar36": {
        "error": 0.0011248616703123707, 
        "fit": "parabolic", 
        "value": 0.004852216661301709
    }, 
    "Ar37": {
        "error": 0.1278568133663657, 
        "fit": "linear", 
        "value": 0.11135679989265071
    }, 
    "Ar38": {
        "error": 0.3329854180536248, 
        "fit": "linear", 
        "value": 0.076523706586150514
    }, 
    "Ar39": {
        "error": 0.059183421449872549, 
        "fit": "parabolic", 
        "value": -0.0025808977638224597
    }, 
    "Ar40": {
        "error": 0.12914963373690855, 
        "fit": "parabolic", 
        "value": 1.4675197396164656
    }, 
    "Ar41": {
        "error": 0.13080228630824056, 
        "fit": "average_SEM", 
        "value": -0.1321529911547259
    }
}