{
    "Ar36": {
        "error": 0.0010168734140833836, 
        "fit": "parabolic", 
        "value": 0.0033391371484138505
    }, 
    "Ar37": {
        "error": 0.14344941332378489, 
        "fit": "linear", 
        "value": 0.064776078422416894
    }, 
    "Ar38": {
        "error": 0.2570760699271824, 
        "fit": "linear", 
        "value": 0.056423070790745482
    }, 
    "Ar39": {
        "error": 0.056865701994692187, 
        "fit": "parabolic", 
        "value": -0.016620870895438566
    }, 
    "Ar40": {
        "error": 0.1269730567293833, 
        "fit": "parabolic", 
        "value": 0.86639305260901855
    }, 
    "Ar41": {
        "error": 0.12131751554507735, 
        "fit": "average_SEM", 
        "value": -0.16346156404208159
    }
}