{
    "Ar36": {
        "error": 0.001053899924627988, 
        "fit": "parabolic", 
        "value": 0.0042628251661779529
    }, 
    "Ar37": {
        "error": 0.11910006054501938, 
        "fit": "linear", 
        "value": 0.19621566237821264
    }, 
    "Ar38": {
        "error": 0.24609601103633516, 
        "fit": "linear", 
        "value": 0.13394965388404456
    }, 
    "Ar39": {
        "error": 0.055546783051995841, 
        "fit": "parabolic", 
        "value": -0.0074581188761137368
    }, 
    "Ar40": {
        "error": 0.1175526422743069, 
        "fit": "parabolic", 
        "value": 1.3355614265974514
    }, 
    "Ar41": {
        "error": 0.12043058634414527, 
        "fit": "average_SEM", 
        "value": -0.072217478689126438
    }
}