{
    "Ar36": {
        "error": 0.0011619346610479391, 
        "fit": "parabolic", 
        "value": 0.006502354538016366
    }, 
    "Ar37": {
        "error": 0.12698799252007384, 
        "fit": "linear", 
        "value": 0.11931090472500672
    }, 
    "Ar38": {
        "error": 0.33552751970556954, 
        "fit": "linear", 
        "value": 0.055507254988837358
    }, 
    "Ar39": {
        "error": 0.058804669986371655, 
        "fit": "parabolic", 
        "value": -0.010367391359454227
    }, 
    "Ar40": {
        "error": 0.1342276671986404, 
        "fit": "parabolic", 
        "value": 1.8789498618555163
    }, 
    "Ar41": {
        "error": 0.14002143777394013, 
        "fit": "average_SEM", 
        "value": -0.13470168930169166
    }
}