{
    "AX": {
        "error": 0.06287080069545077, 
        "fit": "average_SEM", 
        "value": -0.01881733133720142
    }, 
    "CDD": {
        "error": 6.654135658733087e-05, 
        "fit": "average_SEM", 
        "value": 3.6402158245133856e-05
    }, 
    "H1": {
        "error": 0.11681379715147949, 
        "fit": "average_SEM", 
        "value": 0.17137086784932762
    }, 
    "H2": {
        "error": 0.1289006393684899, 
        "fit": "average_SEM", 
        "value": -0.05168791779239352
    }, 
    "L1": {
        "error": 0.2658013306633873, 
        "fit": "average_SEM", 
        "value": 0.17237886058477064
    }, 
    "L2": {
        "error": 0.14415711540164633, 
        "fit": "average_SEM", 
        "value": 0.19739683389974136
    }
}