{
    "AX": {
        "error": 0.05636063970768045, 
        "fit": "average_SEM", 
        "value": -0.014521246030926704
    }, 
    "CDD": {
        "error": 0.00011259761079176856, 
        "fit": "average_SEM", 
        "value": 6.76040081695343e-05
    }, 
    "H1": {
        "error": 0.12393632278552319, 
        "fit": "average_SEM", 
        "value": 0.17321049357997254
    }, 
    "H2": {
        "error": 0.12750312036520875, 
        "fit": "average_SEM", 
        "value": -0.05638959772574405
    }, 
    "L1": {
        "error": 0.2700735209152843, 
        "fit": "average_SEM", 
        "value": 0.20369685724920902
    }, 
    "L2": {
        "error": 0.11978863067806153, 
        "fit": "average_SEM", 
        "value": 0.19768553487956525
    }
}