{
    "AX": {
        "error": 0.06028254290129991, 
        "fit": "average_SEM", 
        "value": -0.014344314293703064
    }, 
    "CDD": {
        "error": 0.00015915069068641856, 
        "fit": "average_SEM", 
        "value": 0.00014040832465980201
    }, 
    "H1": {
        "error": 0.11224585525946044, 
        "fit": "average_SEM", 
        "value": 0.18584781504468992
    }, 
    "H2": {
        "error": 0.11953740776414326, 
        "fit": "average_SEM", 
        "value": -0.06788136112930564
    }, 
    "L1": {
        "error": 0.2768525833268473, 
        "fit": "average_SEM", 
        "value": 0.17246574057110894
    }, 
    "L2": {
        "error": 0.1312018130122812, 
        "fit": "average_SEM", 
        "value": 0.23016363511075422
    }
}