{
    "AX": {
        "error": 0.05248868189362986, 
        "fit": "average_SEM", 
        "value": -0.020234329196197602
    }, 
    "CDD": {
        "error": 0.00019346739258685076, 
        "fit": "average_SEM", 
        "value": 0.00019241140835219995
    }, 
    "H1": {
        "error": 0.125632926823108, 
        "fit": "average_SEM", 
        "value": 0.1858924397888283
    }, 
    "H2": {
        "error": 0.10949968312961086, 
        "fit": "average_SEM", 
        "value": -0.07279540556288945
    }, 
    "L1": {
        "error": 0.28617650695219454, 
        "fit": "average_SEM", 
        "value": 0.1982712764525786
    }, 
    "L2": {
        "error": 0.13464342162558343, 
        "fit": "average_SEM", 
        "value": 0.18414090575339895
    }
}