{
    "AX": {
        "error": 0.06600656544616074, 
        "fit": "average_SEM", 
        "value": -0.016253029314490654
    }, 
    "CDD": {
        "error": 0.00010734596490450898, 
        "fit": "average_SEM", 
        "value": 9.880585809393475e-05
    }, 
    "H1": {
        "error": 0.12636545541975003, 
        "fit": "average_SEM", 
        "value": 0.1644003834403217
    }, 
    "H2": {
        "error": 0.13187513345877633, 
        "fit": "average_SEM", 
        "value": -0.06089999214746058
    }, 
    "L1": {
        "error": 0.25021547892461304, 
        "fit": "average_SEM", 
        "value": 0.16843272074280927
    }, 
    "L2": {
        "error": 0.11644266549621538, 
        "fit": "average_SEM", 
        "value": 0.22686155820265413
    }
}