{
    "AX": {
        "error": 0.056007728508642336, 
        "fit": "average_SEM", 
        "value": -0.007140416535548866
    }, 
    "CDD": {
        "error": 0.00010909309196587705, 
        "fit": "average_SEM", 
        "value": 8.580508729210124e-05
    }, 
    "H1": {
        "error": 0.139413215431015, 
        "fit": "average_SEM", 
        "value": 0.1527221772664537
    }, 
    "H2": {
        "error": 0.11174534416995795, 
        "fit": "average_SEM", 
        "value": -0.06311798157306232
    }, 
    "L1": {
        "error": 0.292088773866323, 
        "fit": "average_SEM", 
        "value": 0.16113186349781852
    }, 
    "L2": {
        "error": 0.13299532683206777, 
        "fit": "average_SEM", 
        "value": 0.21712468547824149
    }
}