{
    "Ar36": {
        "error": 0.0026931753790929852, 
        "fit": "linear", 
        "value": 0.050483976204290959
    }, 
    "Ar37": {
        "error": 0.13939377157174596, 
        "fit": "linear", 
        "value": 0.22958382697741903
    }, 
    "Ar38": {
        "error": 0.27765276899966673, 
        "fit": "linear", 
        "value": 0.27327439303179102
    }, 
    "Ar39": {
        "error": 0.062631849834005118, 
        "fit": "linear", 
        "value": 3.8046387604803678
    }, 
    "Ar40": {
        "error": 0.34305471838717644, 
        "fit": "linear", 
        "value": 711.63254914890547
    }, 
    "Ar41": {
        "error": 0.13590173508759268, 
        "fit": "average_SEM", 
        "value": -0.042035778981323046
    }
}