{
    "Ar36": {
        "error": 0.0037002610775878023, 
        "fit": "linear", 
        "value": 0.070572064563920539
    }, 
    "Ar37": {
        "error": 0.13554913350751741, 
        "fit": "linear", 
        "value": 0.22695642688677437
    }, 
    "Ar38": {
        "error": 0.28739528051781027, 
        "fit": "linear", 
        "value": 0.27370002562730411
    }, 
    "Ar39": {
        "error": 0.05818520087881715, 
        "fit": "linear", 
        "value": 4.6551493801604309
    }, 
    "Ar40": {
        "error": 0.37905168049205301, 
        "fit": "linear", 
        "value": 873.69188628698532
    }, 
    "Ar41": {
        "error": 0.12632853034330646, 
        "fit": "average_SEM", 
        "value": -0.038534909395966682
    }
}