{
    "Ar36": {
        "error": 0.0034208510598931169, 
        "fit": "linear", 
        "value": 0.061766222646640938
    }, 
    "Ar37": {
        "error": 0.12499267700785521, 
        "fit": "linear", 
        "value": 0.22704191549257799
    }, 
    "Ar38": {
        "error": 0.25620281624477853, 
        "fit": "linear", 
        "value": 0.26336119145368986
    }, 
    "Ar39": {
        "error": 0.061891192572757839, 
        "fit": "linear", 
        "value": 5.1006908222168335
    }, 
    "Ar40": {
        "error": 0.40842402928709315, 
        "fit": "linear", 
        "value": 955.93901088984853
    }, 
    "Ar41": {
        "error": 0.12847558815827068, 
        "fit": "average_SEM", 
        "value": -0.018990518176190865
    }
}