{
    "Ar36": {
        "error": 0.002266455960211862, 
        "fit": "linear", 
        "value": 0.032820311450341685
    }, 
    "Ar37": {
        "error": 0.10996850280752173, 
        "fit": "linear", 
        "value": 0.23742988600053738
    }, 
    "Ar38": {
        "error": 0.25659850231585424, 
        "fit": "linear", 
        "value": 0.30047886878840391
    }, 
    "Ar39": {
        "error": 0.06597775779723708, 
        "fit": "linear", 
        "value": 5.9379014070283302
    }, 
    "Ar40": {
        "error": 0.39697662644552545, 
        "fit": "linear", 
        "value": 1097.5114539502085
    }, 
    "Ar41": {
        "error": 0.12065814050466765, 
        "fit": "average_SEM", 
        "value": -0.027137493141926827
    }
}