{
    "Ar36": {
        "error": 0.0029873188420311476, 
        "fit": "linear", 
        "value": 0.04445914436348411
    }, 
    "Ar37": {
        "error": 0.14357130876556504, 
        "fit": "linear", 
        "value": 0.232021147082699
    }, 
    "Ar38": {
        "error": 0.26880706337231036, 
        "fit": "linear", 
        "value": 0.20074530020439413
    }, 
    "Ar39": {
        "error": 0.063206962729570701, 
        "fit": "linear", 
        "value": 3.4655494139287781
    }, 
    "Ar40": {
        "error": 0.35078325494468487, 
        "fit": "linear", 
        "value": 649.25530578192956
    }, 
    "Ar41": {
        "error": 0.11677292737685471, 
        "fit": "average_SEM", 
        "value": -0.053393573447441063
    }
}