{
    "Ar36": {
        "error": 0.0028194397939844034, 
        "fit": "linear", 
        "value": 0.037056557607295926
    }, 
    "Ar37": {
        "error": 0.13956167046318457, 
        "fit": "linear", 
        "value": 0.26191375419291374
    }, 
    "Ar38": {
        "error": 0.2693917970993352, 
        "fit": "linear", 
        "value": 0.25610043475082084
    }, 
    "Ar39": {
        "error": 0.065309321867394701, 
        "fit": "linear", 
        "value": 7.178290262327641
    }, 
    "Ar40": {
        "error": 0.43624393489549945, 
        "fit": "linear", 
        "value": 1330.8132162322909
    }, 
    "Ar41": {
        "error": 0.12718999039933987, 
        "fit": "average_SEM", 
        "value": -0.023865322289057075
    }
}