{
    "Ar36": {
        "error": 0.0023794079288394494, 
        "fit": "linear", 
        "value": 0.038333936246734486
    }, 
    "Ar37": {
        "error": 0.13606683875581152, 
        "fit": "linear", 
        "value": 0.24950981742408709
    }, 
    "Ar38": {
        "error": 0.26367870393053711, 
        "fit": "linear", 
        "value": 0.37103780245598034
    }, 
    "Ar39": {
        "error": 0.065893696159878917, 
        "fit": "linear", 
        "value": 7.5120156338642277
    }, 
    "Ar40": {
        "error": 0.48299816557600916, 
        "fit": "linear", 
        "value": 1388.1874213840324
    }, 
    "Ar41": {
        "error": 0.12821177027396996, 
        "fit": "average_SEM", 
        "value": -0.024636347829170215
    }
}