{
    "Ar36": {
        "error": 0.0041109738118327663, 
        "fit": "linear", 
        "value": 0.10526644941186725
    }, 
    "Ar37": {
        "error": 0.11316719771039677, 
        "fit": "linear", 
        "value": 0.24828299802443068
    }, 
    "Ar38": {
        "error": 0.26481778331933953, 
        "fit": "linear", 
        "value": 0.41077954795916671
    }, 
    "Ar39": {
        "error": 0.072217637293358339, 
        "fit": "linear", 
        "value": 11.634258877673389
    }, 
    "Ar40": {
        "error": 0.63361265237803743, 
        "fit": "linear", 
        "value": 2165.7969798678951
    }, 
    "Ar41": {
        "error": 0.1134422003553562, 
        "fit": "average_SEM", 
        "value": 0.0087097370539171003
    }
}